,oversampling_ratio,repeat0,repeat1,repeat2,repeat3,repeat4,repeat5,repeat6,repeat7,repeat8,repeat9,repeat10,repeat11,repeat12,repeat13,repeat14,repeat15,repeat16,repeat17,repeat18,repeat19,repeat20,repeat21,repeat22,repeat23,repeat24,repeat25,repeat26,repeat27,repeat28,repeat29,repeat30,repeat31,repeat32,repeat33,repeat34,repeat35,repeat36,repeat37,repeat38,repeat39,repeat40,repeat41,repeat42,repeat43,repeat44,repeat45,repeat46,repeat47,repeat48,repeat49
0,0.0009765625,0.022878345102071762,0.019617611542344093,0.03138451278209686,0.02725086733698845,0.02193625085055828,0.016579682007431984,0.030989263206720352,0.016832906752824783,0.02586877904832363,0.01391348522156477,0.027623998001217842,0.017468787729740143,0.027798177674412727,0.017499741166830063,0.026224806904792786,0.02024777978658676,0.02399914525449276,0.018370183184742928,0.013824432156980038,0.014425020664930344,0.019701268523931503,0.025481034070253372,0.021252570673823357,0.02130177617073059,0.019710255786776543,0.023117201402783394,0.022484878078103065,0.014118947088718414,0.022659743204712868,0.01760968565940857,0.015434160828590393,0.01794278994202614,0.020007124170660973,0.01653684675693512,0.020079344511032104,0.024756968021392822,0.02560576982796192,0.026333177462220192,0.01808694563806057,0.024132605642080307,0.021592460572719574,0.020934633910655975,0.028137177228927612,0.015245666727423668,0.02076098509132862,0.017557993531227112,0.02829965390264988,0.0188806913793087,0.01826518215239048,0.01579734869301319
1,0.00390625,0.024569766595959663,0.02719194069504738,0.036537136882543564,0.03324706479907036,0.027960361912846565,0.027309618890285492,0.03366515412926674,0.032493382692337036,0.023771928623318672,0.030708767473697662,0.02165009267628193,0.018825562670826912,0.02611779049038887,0.023030690848827362,0.030400026589632034,0.034256793558597565,0.029200853779911995,0.03906118497252464,0.02504586987197399,0.027930159121751785,0.030519302934408188,0.027868300676345825,0.026510076597332954,0.030009860172867775,0.025427931919693947,0.036992013454437256,0.03292560577392578,0.022705907002091408,0.027036668732762337,0.024342572316527367,0.024354776367545128,0.030676698312163353,0.02906161919236183,0.035930268466472626,0.01926126331090927,0.029056565836071968,0.03560609370470047,0.030834008008241653,0.024773117154836655,0.03431326895952225,0.022947700694203377,0.025172803550958633,0.024361789226531982,0.017797784879803658,0.028908858075737953,0.038331273943185806,0.02457929030060768,0.02382015250623226,0.02543109655380249,0.018817244097590446
2,0.0087890625,0.03619394078850746,0.02885710634291172,0.0412362664937973,0.028889542445540428,0.03836870566010475,0.02796125039458275,0.02872416004538536,0.037716593593358994,0.02860434167087078,0.035776689648628235,0.03311159461736679,0.0344339981675148,0.025795139372348785,0.026754051446914673,0.026046298444271088,0.033393654972314835,0.020942004397511482,0.036808449774980545,0.04038747400045395,0.035310644656419754,0.03958847001194954,0.03389987349510193,0.03811285272240639,0.031115148216485977,0.03499729186296463,0.03723369166254997,0.034269679337739944,0.03006831184029579,0.028219066560268402,0.029671313241124153,0.026124287396669388,0.031068578362464905,0.027130553498864174,0.03536126762628555,0.03220580145716667,0.03584441915154457,0.034870754927396774,0.029825180768966675,0.034561146050691605,0.03219986706972122,0.028978824615478516,0.029976768419146538,0.026796096935868263,0.027135057374835014,0.03245367854833603,0.03673694655299187,0.028922347351908684,0.032172124832868576,0.03263190761208534,0.0310810636729002
3,0.015625,0.0299227274954319,0.03489309549331665,0.03749408572912216,0.030891582369804382,0.0331343449652195,0.029318470507860184,0.033145979046821594,0.03737751767039299,0.02774909883737564,0.033525120466947556,0.03307832404971123,0.03132381662726402,0.03124154731631279,0.04031146317720413,0.03556061163544655,0.03260958567261696,0.028512828052043915,0.03339767083525658,0.02981962449848652,0.029689980670809746,0.031053196638822556,0.04225296154618263,0.02858165092766285,0.030249981209635735,0.03258425369858742,0.03888433054089546,0.03313729912042618,0.029674818739295006,0.027570346370339394,0.04159494861960411,0.03733202442526817,0.030000606551766396,0.036747079342603683,0.04637455195188522,0.02219068445265293,0.038116540759801865,0.03175200894474983,0.04383261501789093,0.03950062021613121,0.03699462488293648,0.03720029070973396,0.028485018759965897,0.038844265043735504,0.02379894256591797,0.03174643591046333,0.020580217242240906,0.03282196447253227,0.03241952881217003,0.030851254239678383,0.03604526445269585
4,0.024414062,0.03506537899374962,0.031052350997924805,0.03285299614071846,0.029832100495696068,0.034424953162670135,0.038486234843730927,0.029319321736693382,0.035683490335941315,0.04091517627239227,0.02990473061800003,0.02984665147960186,0.029927760362625122,0.03195236250758171,0.03720862790942192,0.036399297416210175,0.03346205875277519,0.04284178465604782,0.04208463802933693,0.04002097621560097,0.031309325248003006,0.03325587511062622,0.0391567125916481,0.035699065774679184,0.03593243286013603,0.03014378994703293,0.04084508493542671,0.040401946753263474,0.041077882051467896,0.033008042722940445,0.03272373974323273,0.03884493187069893,0.03486446291208267,0.03585460036993027,0.03363151103258133,0.03202987089753151,0.03335056081414223,0.03589116036891937,0.036583904176950455,0.024572009220719337,0.03329683095216751,0.04442038759589195,0.033799104392528534,0.03743474930524826,0.03358402103185654,0.0406024269759655,0.040475983172655106,0.033133167773485184,0.04332925006747246,0.03436710312962532,0.028682738542556763
5,0.03515625,0.03349819406867027,0.029018623754382133,0.03686142712831497,0.03361960127949715,0.03762371838092804,0.037808097898960114,0.032153040170669556,0.0327608622610569,0.036897022277116776,0.04036147892475128,0.036681924015283585,0.029316643252968788,0.040708038955926895,0.042141497135162354,0.03732673078775406,0.037877410650253296,0.042550742626190186,0.03985888510942459,0.016392922028899193,0.04016623646020889,0.04061269015073776,0.03353423625230789,0.043851494789123535,0.03906447812914848,0.024380149319767952,0.035682421177625656,0.03960464894771576,0.028696630150079727,0.03527398407459259,0.03825020790100098,0.035719551146030426,0.034788958728313446,0.03452970087528229,0.04013597592711449,0.03615691885352135,0.04242600500583649,0.03892175853252411,0.03445735573768616,0.037399839609861374,0.04145994782447815,0.03233511745929718,0.04284975305199623,0.03780769184231758,0.037772856652736664,0.037625882774591446,0.04199337214231491,0.03989604115486145,0.03643901273608208,0.03548959642648697,0.041704434901475906
6,0.047851562,0.04152536764740944,0.05526190251111984,0.04854545742273331,0.03601844236254692,0.03891570121049881,0.035571757704019547,0.03539688140153885,0.0328792929649353,0.03889503702521324,0.03770362213253975,0.034473128616809845,0.03984583914279938,0.03985574096441269,0.03829561546444893,0.044248953461647034,0.04113852232694626,0.04014379158616066,0.03970872238278389,0.031234897673130035,0.032735902816057205,0.03303568810224533,0.03544832766056061,0.04369068145751953,0.03567469120025635,0.039058245718479156,0.035127218812704086,0.03987414389848709,0.045200690627098083,0.041665416210889816,0.03349550440907478,0.03471441939473152,0.04003296419978142,0.03321334347128868,0.039381325244903564,0.03643692284822464,0.045948199927806854,0.03645424172282219,0.04158880189061165,0.046176038682460785,0.03344038128852844,0.042222827672958374,0.03633688762784004,0.03721945732831955,0.03465630114078522,0.04565464332699776,0.03412012755870819,0.032969191670417786,0.036697160452604294,0.042142920196056366,0.04125181585550308
7,0.0625,0.03853170946240425,0.03985796496272087,0.03878847882151604,0.03316481038928032,0.04206389561295509,0.04355777055025101,0.04340467229485512,0.03874276950955391,0.03249224275350571,0.04144186154007912,0.03996860235929489,0.03454861044883728,0.03729274496436119,0.03394955024123192,0.03757859766483307,0.038457177579402924,0.037937913089990616,0.031977977603673935,0.03201700747013092,0.03714167699217796,0.040487539023160934,0.045045506209135056,0.0410122312605381,0.04095849767327309,0.04362039640545845,0.04239075258374214,0.027494382113218307,0.0364946611225605,0.049198176711797714,0.037063732743263245,0.03864065557718277,0.03230179473757744,0.0436212494969368,0.038330767303705215,0.03513503819704056,0.03545684739947319,0.0360635481774807,0.03473055735230446,0.037670064717531204,0.04054157808423042,0.03756048530340195,0.03972051665186882,0.037674661725759506,0.038366690278053284,0.03476112335920334,0.043318092823028564,0.03962024673819542,0.03902715817093849,0.03695427626371384,0.03693923354148865
8,0.07910156,0.042242731899023056,0.04019955173134804,0.03629186749458313,0.03579705208539963,0.03509404510259628,0.04040103033185005,0.03937697410583496,0.03797556832432747,0.041751157492399216,0.03398002311587334,0.036414772272109985,0.03559817746281624,0.03690376505255699,0.045672934502363205,0.04597637429833412,0.03424359858036041,0.03650079295039177,0.037876393646001816,0.03885422274470329,0.04648633301258087,0.044277530163526535,0.03588796406984329,0.035934533923864365,0.04019077122211456,0.04095873981714249,0.04434748739004135,0.043157100677490234,0.05033905804157257,0.040986403822898865,0.031426623463630676,0.03567288815975189,0.03873036801815033,0.036545634269714355,0.0457906536757946,0.03698286786675453,0.037596993148326874,0.03801330178976059,0.03563765436410904,0.03494048863649368,0.03627666458487511,0.04234156757593155,0.04113304615020752,0.03285197168588638,0.0382050946354866,0.03527432680130005,0.03301406651735306,0.04028906673192978,0.040261734277009964,0.038610536605119705,0.03930936008691788
9,0.09765625,0.04051453247666359,0.04202635586261749,0.03921308368444443,0.039169225841760635,0.038573503494262695,0.04137594625353813,0.04502929002046585,0.04208153486251831,0.02826583944261074,0.039518315345048904,0.03827754408121109,0.04115604609251022,0.03840671479701996,0.04602726176381111,0.046566300094127655,0.037195321172475815,0.03872539475560188,0.04410093277692795,0.038669005036354065,0.03948883339762688,0.04653245210647583,0.04559466242790222,0.03441242501139641,0.037124570459127426,0.0445505790412426,0.03543570265173912,0.036506179720163345,0.03598728030920029,0.03891662508249283,0.04149773716926575,0.034653790295124054,0.03640531376004219,0.04178091883659363,0.04047485813498497,0.04185354337096214,0.03721145540475845,0.03450373560190201,0.040883082896471024,0.036005713045597076,0.03843717277050018,0.04029642790555954,0.048013392835855484,0.03701417148113251,0.03631918132305145,0.0348350889980793,0.03352731838822365,0.05601482838392258,0.03557613864541054,0.03987792506814003,0.03993769735097885
10,0.11816406,0.03510231897234917,0.042060744017362595,0.034535963088274,0.045519690960645676,0.04420546442270279,0.047139447182416916,0.039085276424884796,0.0417289137840271,0.04026678949594498,0.04119693115353584,0.039202138781547546,0.03930718079209328,0.046594444662332535,0.039418961852788925,0.041331782937049866,0.04114837944507599,0.03827492147684097,0.04198158532381058,0.039609190076589584,0.041222166270017624,0.04044560343027115,0.0429692380130291,0.03751614689826965,0.04182327911257744,0.03663435950875282,0.04109989479184151,0.03729074075818062,0.04375583678483963,0.038885343819856644,0.04183957353234291,0.039726387709379196,0.049934785813093185,0.04073142260313034,0.03931313753128052,0.03684763237833977,0.04394962638616562,0.03993482515215874,0.03797158971428871,0.03885553404688835,0.042339492589235306,0.04130258783698082,0.029075130820274353,0.051777780055999756,0.03793671727180481,0.03822094202041626,0.03978046029806137,0.03868044167757034,0.04681982472538948,0.042034074664115906,0.04238823801279068
11,0.140625,0.03806254640221596,0.04400023818016052,0.05015742406249046,0.039872292429208755,0.043470755219459534,0.04037455469369888,0.04418283328413963,0.04457511380314827,0.04142767935991287,0.038923148065805435,0.040747418999671936,0.03593735024333,0.040386348962783813,0.03615111485123634,0.029826413840055466,0.039436932653188705,0.040288377553224564,0.014769654721021652,0.037869397550821304,0.044071804732084274,0.042269155383110046,0.03551008552312851,0.045575644820928574,0.041714247316122055,0.043251167982816696,0.04405863955616951,0.06148197501897812,0.0381644070148468,0.026232339441776276,0.05231381580233574,0.017000412568449974,0.0398126095533371,0.039379432797431946,0.04164399951696396,0.03645353019237518,0.05410592630505562,0.043911974877119064,0.03066255711019039,0.04125057905912399,0.03780250623822212,0.059043992310762405,0.04270687326788902,0.04500856623053551,0.036059100180864334,0.040557149797677994,0.03733484074473381,0.03986280784010887,0.038608014583587646,0.040761347860097885,0.04002413898706436
12,0.16503906,0.042137403041124344,0.043571315705776215,0.036606814712285995,0.042382292449474335,0.04563184827566147,0.04114621505141258,0.033476490527391434,0.04558083415031433,0.03999035805463791,0.04079547896981239,0.043067291378974915,0.035909757018089294,0.038220517337322235,0.047807954251766205,0.04251129552721977,0.03981516510248184,0.03936062380671501,0.0404592826962471,0.03466353192925453,0.04639754071831703,0.04344341903924942,0.041868314146995544,0.06007818877696991,0.046316612511873245,0.03891430422663689,0.04612164944410324,0.041632745414972305,0.04642308130860329,0.039393097162246704,0.038776081055402756,0.04425763338804245,0.04498942568898201,0.03853710740804672,0.04079873859882355,0.04438425600528717,0.04570632800459862,0.027476796880364418,0.04125025123357773,0.030292915180325508,0.037447739392519,0.04129412770271301,0.04600033536553383,0.040705181658267975,0.03566308692097664,0.04063398018479347,0.042588185518980026,0.04398823529481888,0.04096280410885811,0.0387260839343071,0.04479768127202988
13,0.19140625,0.04129660129547119,0.038816601037979126,0.03913404420018196,0.041120585054159164,0.04112398996949196,0.04690496623516083,0.043754950165748596,0.03161396458745003,0.041509225964546204,0.04273576661944389,0.03650398179888725,0.054891519248485565,0.04801541566848755,0.01663701795041561,0.04053366929292679,0.039381928741931915,0.04679679125547409,0.0453098863363266,0.04448528587818146,0.04062175378203392,0.050020769238471985,0.04381479695439339,0.037726644426584244,0.04370185732841492,0.0510067343711853,0.04061536118388176,0.050883546471595764,0.04226616397500038,0.044679462909698486,0.03768082708120346,0.04018576443195343,0.04315139725804329,0.04121524840593338,0.04151366278529167,0.038769982755184174,0.039804477244615555,0.04481573775410652,0.045523904263973236,0.04953799769282341,0.04164426773786545,0.03873414918780327,0.04246394708752632,0.049535635858774185,0.03846873342990875,0.048987943679094315,0.04086541011929512,0.04547370597720146,0.04658063128590584,0.04481882229447365,0.04323713481426239
14,0.21972656,0.03938470035791397,0.03194296360015869,0.03871486708521843,0.04079714044928551,0.041404176503419876,0.04197799041867256,0.044164396822452545,0.04256604611873627,0.04399044066667557,0.04834849387407303,0.03976898267865181,0.03858475387096405,0.04480459913611412,0.03970205411314964,0.03852865844964981,0.04232301190495491,0.04538482055068016,0.041318781673908234,0.04662027955055237,0.04196019470691681,0.04086565971374512,0.054932400584220886,0.04902191087603569,0.04264870658516884,0.03735404089093208,0.039644792675971985,0.045278292149305344,0.04714910313487053,0.04026753082871437,0.049146413803100586,0.040929730981588364,0.04351597651839256,0.040511615574359894,0.046017393469810486,0.039004359394311905,0.04011176526546478,0.04124951362609863,0.04528513550758362,0.0478784441947937,0.03853772580623627,0.03873005509376526,0.04065457731485367,0.038156647235155106,0.06021992862224579,0.025179093703627586,0.046928197145462036,0.04528122395277023,0.0421052984893322,0.03745163977146149,0.03796757385134697
15,0.25,0.040501825511455536,0.04491615295410156,0.04464640095829964,0.04340429604053497,0.041774291545152664,0.039815500378608704,0.048230454325675964,0.0405464768409729,0.040365446358919144,0.022625692188739777,0.033533044159412384,0.037013012915849686,0.04717634618282318,0.046581629663705826,0.0511690117418766,0.05767206475138664,0.042319878935813904,0.051428429782390594,0.044442109763622284,0.04683871567249298,0.042302168905735016,0.04283254221081734,0.041597358882427216,0.05085598677396774,0.040987953543663025,0.04367222636938095,0.048364490270614624,0.041375406086444855,0.03717593476176262,0.03549892455339432,0.043582383543252945,0.03741971030831337,0.04291841387748718,0.04766778275370598,0.04348408430814743,0.04229453206062317,0.03693532571196556,0.04369667172431946,0.043613601475954056,0.039604827761650085,0.043758492916822433,0.04269685596227646,0.040038853883743286,0.04197988286614418,0.04247321933507919,0.0418795570731163,0.04116686433553696,0.04129768908023834,0.044327955693006516,0.0479680635035038
16,0.28222656,0.030099716037511826,0.04351899400353432,0.0376950278878212,0.04748048633337021,0.044664882123470306,0.047865014523267746,0.04163553565740585,0.03506515547633171,0.03123319149017334,0.040051110088825226,0.042040709406137466,0.0364949032664299,0.04386633634567261,0.042994651943445206,0.042201053351163864,0.034270722419023514,0.04424762353301048,0.03868215158581734,0.03314657509326935,0.04476844519376755,0.04833439737558365,0.04791754484176636,0.05056155472993851,0.0390268974006176,0.045094870030879974,0.026914622634649277,0.04085271432995796,0.056182172149419785,0.04388405755162239,0.02862454392015934,0.04908357188105583,0.041002724319696426,0.041737668216228485,0.047408878803253174,0.033662449568510056,0.03605096787214279,0.04882363602519035,0.04180234298110008,0.05051197484135628,0.04620007425546646,0.04436808452010155,0.04212942719459534,0.044275760650634766,0.040769312530756,0.037708599120378494,0.041056469082832336,0.049939945340156555,0.042312946170568466,0.04462524130940437,0.04004830867052078
17,0.31640625,0.04699363559484482,0.049754805862903595,0.042260125279426575,0.04186999425292015,0.04270834103226662,0.037915755063295364,0.041289206594228745,0.04793538525700569,0.04260600730776787,0.04413866624236107,0.04201579466462135,0.03735079616308212,0.050745122134685516,0.042144399136304855,0.04675896093249321,0.04112173989415169,0.04795776680111885,0.0460415855050087,0.04759607091546059,0.04227634519338608,0.04904778301715851,0.04537385702133179,0.04224173352122307,0.04059018939733505,0.04469071328639984,0.013851676136255264,0.04181713983416557,0.016235554590821266,0.0427270345389843,0.044419627636671066,0.03427056595683098,0.044450175017118454,0.04132714495062828,0.048067357391119,0.04176109656691551,0.04109695926308632,0.04177015647292137,0.05650731921195984,0.04441837593913078,0.0476212315261364,0.03853662312030792,0.0448358915746212,0.04482351988554001,0.041968971490859985,0.03936987742781639,0.04166658967733383,0.04556494578719139,0.04336357116699219,0.050686560571193695,0.046055711805820465
18,0.35253906,0.04098448529839516,0.043375905603170395,0.046207111328840256,0.04693838953971863,0.049646276980638504,0.045105986297130585,0.03893475607037544,0.04444113001227379,0.03637271746993065,0.036345474421978,0.04671430215239525,0.048185188323259354,0.04387156665325165,0.04832277074456215,0.027708610519766808,0.04519947990775108,0.04687123000621796,0.042761221528053284,0.04370606318116188,0.025429585948586464,0.05058830976486206,0.059770047664642334,0.03307321295142174,0.04412432760000229,0.0405573844909668,0.06022243574261665,0.036937419325113297,0.04629482328891754,0.041590239852666855,0.039361096918582916,0.04442410543560982,0.04150605946779251,0.04205133393406868,0.0532648041844368,0.040500279515981674,0.0450856015086174,0.03531533479690552,0.02535076066851616,0.040956445038318634,0.04617884010076523,0.04237378016114235,0.04505859687924385,0.03977212309837341,0.05487854406237602,0.039908263832330704,0.035217177122831345,0.043708741664886475,0.042298007756471634,0.04819215089082718,0.04636576399207115
19,0.390625,0.05206725001335144,0.04425313323736191,0.04610573500394821,0.04071327671408653,0.049440376460552216,0.046007342636585236,0.049081433564424515,0.03996717557311058,0.03963939845561981,0.04256809875369072,0.04474429786205292,0.044083599001169205,0.044147733598947525,0.04280869662761688,0.027767309918999672,0.04385644942522049,0.061135921627283096,0.044087234884500504,0.03373797610402107,0.04815902188420296,0.041652604937553406,0.04057424142956734,0.04778609797358513,0.043950293213129044,0.03888075798749924,0.04439364746212959,0.043464258313179016,0.038449566811323166,0.041898492723703384,0.03737520053982735,0.04316619783639908,0.044528648257255554,0.04031313955783844,0.03729655221104622,0.0535983107984066,0.04450312629342079,0.04039023071527481,0.05027550086379051,0.03828459605574608,0.04060690477490425,0.042475420981645584,0.04482540860772133,0.04112342372536659,0.04286466911435127,0.03934134542942047,0.046261925250291824,0.04769103601574898,0.04574352502822876,0.042427610605955124,0.041674867272377014
20,0.43066406,0.04279087856411934,0.046550482511520386,0.021016288548707962,0.05149945989251137,0.05695478618144989,0.044522445648908615,0.0422823503613472,0.02186432108283043,0.04854149743914604,0.04060434177517891,0.03584308177232742,0.022429781034588814,0.04535634070634842,0.04120904952287674,0.054652225226163864,0.038795556873083115,0.030369378626346588,0.04694965481758118,0.045283425599336624,0.04913768917322159,0.05754357948899269,0.045926421880722046,0.04075614735484123,0.042835284024477005,0.04817410558462143,0.049450330436229706,0.04216652363538742,0.05556195601820946,0.057153765112161636,0.037930093705654144,0.04189391806721687,0.044235892593860626,0.044505685567855835,0.04738381877541542,0.04935956373810768,0.04606251046061516,0.047510843724012375,0.043407876044511795,0.04558546096086502,0.04644453525543213,0.04900674149394035,0.04216326028108597,0.04405300319194794,0.051931917667388916,0.047893162816762924,0.03943360224366188,0.04651445895433426,0.041828714311122894,0.042916104197502136,0.04539109766483307
21,0.47265625,0.052315641194581985,0.047144290059804916,0.04512326046824455,0.01223602332174778,0.04334253817796707,0.04408843070268631,0.045884713530540466,0.04505401477217674,0.043498869985342026,0.04218750447034836,0.051167916506528854,0.04624265804886818,0.045066602528095245,0.03297347202897072,0.04378966614603996,0.04393690824508667,0.04753544554114342,0.04441055655479431,0.05141904205083847,0.04925060644745827,0.04444841295480728,0.03281359747052193,0.04853038117289543,0.045269519090652466,0.06042805686593056,0.041617561131715775,0.04393817484378815,0.04234300181269646,0.043414052575826645,0.04314534738659859,0.050390779972076416,0.047886863350868225,0.04528910294175148,0.04473554342985153,0.044945117086172104,0.04124109819531441,0.044746920466423035,0.03941964730620384,0.04152042046189308,0.058683112263679504,0.046910639852285385,0.04788295552134514,0.057926543056964874,0.04418092221021652,0.04634784534573555,0.041686516255140305,0.041372764855623245,0.04305381327867508,0.04538051784038544,0.05096006020903587
22,0.51660156,0.030581282451748848,0.0486251637339592,0.04498264566063881,0.02156565524637699,0.04308784753084183,0.04439025744795799,0.041828662157058716,0.04144351929426193,0.04297368973493576,0.03732644394040108,0.04914398863911629,0.04591725021600723,0.042837366461753845,0.04676266014575958,0.04695717245340347,0.039064742624759674,0.043719254434108734,0.046726685017347336,0.04539959505200386,0.04850837588310242,0.04651014506816864,0.04065364599227905,0.04355993494391441,0.04689452052116394,0.03693597763776779,0.043091755360364914,0.048684727400541306,0.04846173897385597,0.04754246026277542,0.05382532626390457,0.04609743505716324,0.04372825473546982,0.04436812177300453,0.046043187379837036,0.045552246272563934,0.05447852611541748,0.04814763739705086,0.04332809895277023,0.039606522768735886,0.043951213359832764,0.048313479870557785,0.04275469481945038,0.04900764673948288,0.04169859364628792,0.053938258439302444,0.044612761586904526,0.05183840170502663,0.043271504342556,0.038459040224552155,0.048075225204229355
23,0.5625,0.03789883852005005,0.06239878386259079,0.011443765833973885,0.04293294996023178,0.050824008882045746,0.04744202643632889,0.044319815933704376,0.0457395538687706,0.044828783720731735,0.03920672833919525,0.053420599550008774,0.040488529950380325,0.04523181542754173,0.0056648263707757,0.04424227029085159,0.044003792107105255,0.04466811940073967,0.04629364237189293,0.045100416988134384,0.05261903628706932,0.0503196120262146,0.043270379304885864,0.012498845346271992,0.047779884189367294,0.05087028443813324,0.04321491718292236,0.045700252056121826,0.030319228768348694,0.04437461867928505,0.05974555388092995,0.04132071137428284,0.030754465609788895,0.041388098150491714,0.04677996784448624,0.04532890394330025,0.045666083693504333,0.044644638895988464,0.04810221865773201,0.04706984758377075,0.04746473953127861,0.04668533802032471,0.04590989649295807,0.045103155076503754,0.04814925789833069,0.04790877923369408,0.05213858559727669,0.04506358876824379,0.048646219074726105,0.042692605406045914,0.04817577451467514
24,0.61035156,0.049999088048934937,0.045390594750642776,0.04277406632900238,0.04403147101402283,0.048486992716789246,0.04348227009177208,0.038481201976537704,0.045987434685230255,0.04639028385281563,0.04658684507012367,0.044638097286224365,0.047329142689704895,0.04590673744678497,0.04686480388045311,0.04403076320886612,0.048048634082078934,0.050748519599437714,0.04920441284775734,0.04767686873674393,0.05363127961754799,0.048796433955430984,0.047430794686079025,0.042619284242391586,0.04558197781443596,0.045697104185819626,0.027073027566075325,0.049870532006025314,0.04734984040260315,0.04733797535300255,0.04838103801012039,0.04722045361995697,0.047088537365198135,0.03446762263774872,0.035865701735019684,0.04340892285108566,0.05008130520582199,0.0445311963558197,0.04562872275710106,0.04366084188222885,0.04811706021428108,0.041971251368522644,0.05047260597348213,0.04166817665100098,0.04269697144627571,0.0465862974524498,0.04916975274682045,0.03823168948292732,0.05254753679037094,0.04323171079158783,0.0433710440993309
25,0.66015625,0.046450287103652954,0.04780811816453934,0.054838377982378006,0.05048543959856033,0.04801032319664955,0.04883919656276703,0.04340982064604759,0.04776111990213394,0.050171125680208206,0.03723367676138878,0.045320942997932434,0.0431324727833271,0.04422125220298767,0.04370648413896561,0.044256795197725296,0.0343095101416111,0.04423472657799721,0.04133301600813866,0.02608083374798298,0.044632088392972946,0.04163483530282974,0.046058204025030136,0.04293026030063629,0.04774612933397293,0.054283078759908676,0.04614458233118057,0.04875660315155983,0.04690416157245636,0.04525601863861084,0.05083353817462921,0.041996873915195465,0.04171748831868172,0.047407668083906174,0.044501323252916336,0.05404658988118172,0.023820139467716217,0.04484343156218529,0.041690804064273834,0.046559128910303116,0.033266883343458176,0.041609104722738266,0.049428489059209824,0.044909100979566574,0.04131290689110756,0.02891988307237625,0.04801434651017189,0.0485433004796505,0.04166204482316971,0.03913230821490288,0.048145897686481476
26,0.71191406,0.04384726658463478,0.042187001556158066,0.048481009900569916,0.045260194689035416,0.04922769218683243,0.047799382358789444,0.027865992859005928,0.04376431554555893,0.0431799590587616,0.05819142609834671,0.049651648849248886,0.043525274842977524,0.04994907230138779,0.047459036111831665,0.04562821239233017,0.04463432356715202,0.030686384066939354,0.055230818688869476,0.04199846461415291,0.043010272085666656,0.05027804151177406,0.03945111855864525,0.04267586022615433,0.051571074873209,0.04684775695204735,0.045668311417102814,0.05776316672563553,0.05047722905874252,0.032524384558200836,0.04599951580166817,0.05132247507572174,0.03017047792673111,0.04500593617558479,0.049655817449092865,0.0433703176677227,0.04648207500576973,0.05045180022716522,0.050592273473739624,0.050417523831129074,0.040804605931043625,0.04762910678982735,0.04495024308562279,0.05127117782831192,0.04320699721574783,0.041347797960042953,0.04133470728993416,0.04906420037150383,0.0460856594145298,0.04736698418855667,0.044611550867557526
27,0.765625,0.04929570108652115,0.045220352709293365,0.04461705684661865,0.04518678039312363,0.056313976645469666,0.04234432056546211,0.04557608813047409,0.046375952661037445,0.02267063409090042,0.020071668550372124,0.0452348068356514,0.015760663896799088,0.047172896564006805,0.05154092237353325,0.04689272493124008,0.0575590617954731,0.059995781630277634,0.05466980114579201,0.05191042646765709,0.05017263814806938,0.048624031245708466,0.04477367922663689,0.04673128202557564,0.025785300880670547,0.046589914709329605,0.046305444091558456,0.030742401257157326,0.04471708461642265,0.04790545627474785,0.044578175991773605,0.045235369354486465,0.043275803327560425,0.04667432978749275,0.04804781824350357,0.0498177595436573,0.050485290586948395,0.045742347836494446,0.045440416783094406,0.04597128555178642,0.04632917419075966,0.05260797217488289,0.04615908861160278,0.06321559846401215,0.03484281525015831,0.04428815096616745,0.0499824695289135,0.050786975771188736,0.048031602054834366,0.04976489394903183,0.044242013245821
28,0.82128906,0.051804978400468826,0.0401315875351429,0.04953328147530556,0.04015927016735077,0.05524604767560959,0.050888191908597946,0.05920541286468506,0.023693667724728584,0.028734803199768066,0.049202803522348404,0.04610663279891014,0.036924224346876144,0.04746514558792114,0.046820707619190216,0.026849279180169106,0.047317102551460266,0.06082262471318245,0.04624176397919655,0.04696831479668617,0.04475981742143631,0.04790850728750229,0.04922739043831825,0.04323433339595795,0.049090880900621414,0.043608397245407104,0.04996373504400253,0.043808892369270325,0.04457956925034523,0.04537005349993706,0.04820830747485161,0.047090575098991394,0.04607625678181648,0.042307086288928986,0.015893006697297096,0.047392841428518295,0.030226504430174828,0.04706843942403793,0.03643188253045082,0.04833829775452614,0.045132365077733994,0.0456763319671154,0.04703887552022934,0.04582822322845459,0.04605337977409363,0.03963654488325119,0.045195553451776505,0.04387373849749565,0.05151897296309471,0.04624982550740242,0.04481753334403038
29,0.87890625,0.04156532883644104,0.06612847745418549,0.04443686082959175,0.05301046371459961,0.04376949369907379,0.0417184978723526,0.03672457113862038,0.0516652949154377,0.047549352049827576,0.05848374962806702,0.04537118226289749,0.04596799984574318,0.04756024852395058,0.05132792890071869,0.04389805719256401,0.046980101615190506,0.04636894911527634,0.04325118288397789,0.044315092265605927,0.04507776349782944,0.047793835401535034,0.04940738528966904,0.04473369941115379,0.04284542426466942,0.04647153243422508,0.04808362200856209,0.046194445341825485,0.0413680262863636,0.053280308842659,0.04988083988428116,0.046610407531261444,0.04504450038075447,0.045884549617767334,0.047012537717819214,0.04597405344247818,0.0399283803999424,0.040269918739795685,0.04736553132534027,0.038923781365156174,0.04785497114062309,0.046660762280225754,0.052188340574502945,0.04563239589333534,0.017442088574171066,0.046067044138908386,0.04560142382979393,0.05187392607331276,0.055048007518053055,0.0478801503777504,0.05254942178726196
30,0.93847656,0.05305416136980057,0.06363425403833389,0.045620452612638474,0.04920300468802452,0.04742412641644478,0.02718476392328739,0.04401122406125069,0.0482984259724617,0.02112242393195629,0.016140153631567955,0.03373381495475769,0.050632230937480927,0.04967350512742996,0.04405112937092781,0.04780690744519234,0.04995087534189224,0.05530145391821861,0.04237106442451477,0.04900652915239334,0.04208375886082649,0.04911065101623535,0.01953919418156147,0.05772801488637924,0.042090777307748795,0.05107244849205017,0.040316421538591385,0.04146290943026543,0.04900025948882103,0.050109975039958954,0.03621812164783478,0.041658103466033936,0.047005344182252884,0.046332117170095444,0.039692338556051254,0.047985970973968506,0.014143215492367744,0.056408997625112534,0.045689914375543594,0.04495785012841225,0.046565331518650055,0.043876539915800095,0.044663552194833755,0.04739997163414955,0.026943348348140717,0.04577385634183884,0.050289757549762726,0.04491999000310898,0.04273083433508873,0.046665728092193604,0.04684513807296753
31,1.0,0.04928387701511383,0.056090034544467926,0.04093014448881149,0.0460662916302681,0.04600220546126366,0.04737405851483345,0.04157852381467819,0.044400107115507126,0.04299655184149742,0.04629504680633545,0.04881075397133827,0.038091182708740234,0.04966612532734871,0.04714510962367058,0.04401097446680069,0.04585763439536095,0.0493340790271759,0.05165575444698334,0.04650895670056343,0.04928768798708916,0.043477099388837814,0.042284898459911346,0.04356136918067932,0.04576965048909187,0.045463789254426956,0.046761613339185715,0.04296938329935074,0.05517933517694473,0.05244654789566994,0.03426413983106613,0.04641192778944969,0.04455004632472992,0.039686113595962524,0.04588819667696953,0.04651360958814621,0.05536648631095886,0.05093083158135414,0.05297805368900299,0.049274053424596786,0.04513624683022499,0.06054575368762016,0.05070756375789642,0.044259194284677505,0.04992387071251869,0.05671699345111847,0.04614870995283127,0.04933655261993408,0.04503526911139488,0.040944989770650864,0.04978959634900093
32,1.0634766,0.0862027183175087,0.05223963037133217,0.03702171519398689,0.06751228123903275,0.025185812264680862,0.045720476657152176,0.03285198658704758,0.05651680752635002,0.03981509059667587,0.04960622638463974,0.04056062921881676,0.05017846077680588,0.03340820595622063,0.05194702371954918,0.03923889249563217,0.03829730674624443,0.06548454612493515,0.015711838379502296,0.042191047221422195,0.023258361965417862,0.0531352236866951,0.034794729202985764,0.062459904700517654,0.05388972908258438,0.06329634040594101,0.044976890087127686,0.05469975620508194,0.0601513646543026,0.01614229753613472,0.04874652251601219,0.04755382239818573,0.05833684653043747,0.05227729305624962,0.004515135195106268,0.05874005705118179,0.05370047688484192,0.059627316892147064,0.053940195590257645,0.057551294565200806,0.0440351776778698,0.02756945788860321,0.03455217182636261,0.03594343364238739,0.053533826023340225,0.06159277260303497,0.051845699548721313,0.08384772390127182,0.05859437957406044,0.05419318005442619,0.042197201400995255
33,1.1289062,0.0489104799926281,0.08479142934083939,0.06467242538928986,0.04111431911587715,0.06645352393388748,0.03934202715754509,0.05337080731987953,0.0305999256670475,0.05765843018889427,0.03599749878048897,0.04977734386920929,0.028982363641262054,0.05231001228094101,0.048874616622924805,0.02628052607178688,0.045698076486587524,0.061688680201768875,0.06842520087957382,0.056443486362695694,0.07452228665351868,0.06284846365451813,0.047916680574417114,0.02717323787510395,0.05202736333012581,0.04717457666993141,0.02692519687116146,0.009877757169306278,0.0678880587220192,0.009031953290104866,0.02811085432767868,0.06636232882738113,0.050822578370571136,0.03281168267130852,0.06721575558185577,0.04550819471478462,0.07209146022796631,0.05217562988400459,0.04682079702615738,0.05863957479596138,0.026467621326446533,0.0519428625702858,0.04007696360349655,0.06495390832424164,0.021628979593515396,0.05243835598230362,0.06110997498035431,0.04819561541080475,0.061383217573165894,0.06355390697717667,0.06301689147949219
34,1.1962891,0.06554459035396576,0.05159621685743332,0.059448760002851486,0.09049750119447708,0.0026886367704719305,0.0176745243370533,0.06914040446281433,0.053896497935056686,0.04936108738183975,0.04730840027332306,0.06140780448913574,0.06665447354316711,0.011130023747682571,0.02764561027288437,0.016820212826132774,0.030776359140872955,0.05874794349074364,0.0313548669219017,0.01752327010035515,0.08377747982740402,0.06650024652481079,0.07131829112768173,0.05518532544374466,0.03994572162628174,0.061055056750774384,0.05555122345685959,0.08018557727336884,0.01618257910013199,0.028292864561080933,0.055857136845588684,0.05545849725604057,0.03287387639284134,0.07307864725589752,0.056593988090753555,0.03323252499103546,0.07016681879758835,0.030961643904447556,0.03080841898918152,0.036678019911050797,0.018225328996777534,0.045100677758455276,0.03801819309592247,0.07313346862792969,0.08413288742303848,0.025680629536509514,0.0811573937535286,0.06022440269589424,0.05666642263531685,0.05530222877860069,0.05875701084733009
35,1.265625,0.06942646205425262,0.03919427841901779,0.038312699645757675,0.075103260576725,0.029993385076522827,0.07394582033157349,0.025880862027406693,0.055566344410181046,0.0902634784579277,0.049324460327625275,0.06116042286157608,0.05911549553275108,0.08231828361749649,0.043702296912670135,0.10777527093887329,0.028788231313228607,0.05999229848384857,0.04848514497280121,0.0716843456029892,0.010016977787017822,0.0234980545938015,0.04861460253596306,0.05701855197548866,0.04989560693502426,0.02492094598710537,0.0026833289302885532,0.018862012773752213,0.09236903488636017,0.09233881533145905,0.08484593778848648,0.07806039601564407,0.025819547474384308,0.055329207330942154,0.02857871726155281,0.020002398639917374,0.0912037268280983,0.05751236155629158,0.04999491199851036,0.030802546069025993,0.024147793650627136,0.06350879371166229,0.04654722660779953,0.025072235614061356,0.08540653437376022,0.07151129841804504,0.031994715332984924,0.07241081446409225,0.025575244799256325,0.06407223641872406,0.033486634492874146
36,1.3369141,0.0738825798034668,0.12048893421888351,0.08059565722942352,0.03559831902384758,0.11223718523979187,0.06604442000389099,0.021866995841264725,0.010907482355833054,0.05278591066598892,0.0270376019179821,0.06630225479602814,0.09975454211235046,0.04461255297064781,0.055995095521211624,0.021166915073990822,0.0658818781375885,0.031252939254045486,0.03709094226360321,0.02979537844657898,0.0587308406829834,0.06716255843639374,0.03459935262799263,0.07354391366243362,0.07237866520881653,0.05252215638756752,0.03090529516339302,0.09967085719108582,0.031970828771591187,0.08112794905900955,0.05305073782801628,0.02187170647084713,0.06421958655118942,0.03546871989965439,0.08124947547912598,0.009429891593754292,0.07912764698266983,0.03346727415919304,0.07799597829580307,0.05974602699279785,0.0457470566034317,0.01060330867767334,0.08734475076198578,0.033939674496650696,0.11480986326932907,0.037382256239652634,0.09523136913776398,0.07311800122261047,0.07599364966154099,0.04764170199632645,0.07289864122867584
37,1.4101562,0.05110451579093933,0.04896895959973335,0.04142969846725464,0.026013245806097984,0.07649233192205429,0.021849393844604492,0.043882548809051514,0.050039876252412796,0.05526513606309891,0.12559391558170319,0.04460710659623146,0.09137854725122452,0.015727391466498375,0.08550965785980225,0.025904571637511253,0.041240353137254715,0.0127493254840374,0.023777132853865623,0.13315992057323456,0.04558154195547104,0.041521839797496796,0.03470773994922638,0.09202549606561661,0.07885242998600006,0.07170426100492477,0.048406802117824554,0.0873204842209816,0.0362311452627182,0.09327202290296555,0.06569503247737885,0.08327210694551468,0.053373415023088455,0.09112842381000519,0.04444292187690735,0.00037815389805473387,0.03940070420503616,0.11540109664201736,0.06605212390422821,0.06121804192662239,0.05578993633389473,0.07043921202421188,0.0898897647857666,0.044553931802511215,0.0897269919514656,0.06454984098672867,0.06312558799982071,0.04269085079431534,0.08854202181100845,0.09856385737657547,0.0952639952301979
38,1.4853516,0.05472064018249512,0.07602692395448685,0.08273746073246002,0.08694332093000412,0.1236734613776207,0.06886620819568634,0.09895482659339905,0.1081143245100975,0.02092939056456089,0.032850660383701324,0.06671043485403061,0.11481741815805435,0.09597605466842651,0.04290912672877312,0.07390520721673965,0.11070680618286133,0.031732428818941116,0.07930172979831696,0.07387068122625351,0.05796079337596893,0.04120446741580963,0.06948918849229813,0.02621241845190525,0.06934788823127747,0.056150078773498535,0.12603478133678436,0.07249551266431808,0.0343988835811615,0.06412119418382645,0.042695652693510056,0.017560366541147232,0.00969024933874607,0.08327877521514893,0.033946771174669266,0.122019462287426,0.12713371217250824,0.17059221863746643,0.08232001215219498,0.05127236619591713,0.05495982989668846,0.08766777813434601,0.07662009447813034,0.01894080452620983,0.07739874720573425,0.05195481702685356,0.03342499956488609,0.062198903411626816,0.11635082215070724,0.06505206227302551,0.04275067150592804
39,1.5625,0.1346120536327362,0.04494238272309303,0.026318928226828575,0.13702885806560516,0.05392734706401825,0.03387758135795593,0.08365301042795181,0.058146994560956955,0.18327167630195618,0.0906139686703682,0.04201159626245499,0.10964035987854004,0.032049499452114105,0.053176138550043106,0.15459966659545898,0.07632406055927277,0.08036181330680847,0.07462955266237259,0.05038062110543251,0.03475986048579216,0.1427362710237503,0.09435752034187317,0.10541384667158127,0.07761512696743011,0.04515865072607994,0.08443817496299744,0.06287762522697449,0.08036941289901733,0.1448676437139511,0.10568887740373611,0.026228146627545357,0.10081560909748077,0.17498531937599182,0.026998082175850868,0.022764967754483223,0.0889478474855423,0.027356445789337158,0.12023474276065826,0.06499998271465302,0.030936725437641144,0.05190430209040642,0.14292816817760468,0.07468671351671219,0.09429295361042023,0.10464797168970108,0.05484157055616379,0.10065797716379166,0.07369906455278397,0.07154010981321335,0.12156324088573456
40,1.6416016,0.06560248881578445,0.13495223224163055,0.1363690346479416,0.07931018620729446,0.09678947925567627,0.11602016538381577,0.14931711554527283,0.1130743995308876,0.08590701222419739,0.06393715739250183,0.10980302840471268,0.05837387591600418,0.0781816691160202,0.06763184815645218,0.14139783382415771,0.06570155918598175,0.10106014460325241,0.09647659212350845,0.09077174961566925,0.04911203682422638,0.08307228237390518,0.11148865520954132,0.05844482034444809,0.07315488904714584,0.036616381257772446,0.028966788202524185,0.1125895157456398,0.10916305333375931,0.10422807931900024,0.10652701556682587,0.03776184469461441,0.07215804606676102,0.06597623229026794,0.03852768614888191,0.07662079483270645,0.1780567616224289,0.032044727355241776,0.12635889649391174,0.15927904844284058,0.0851922333240509,0.09071733057498932,0.03230941295623779,0.10020727664232254,0.1294245570898056,0.05100138112902641,0.09962739050388336,0.07946114242076874,0.09582316130399704,0.09322290867567062,0.047728732228279114
41,1.7226562,0.17575347423553467,0.10778647661209106,0.1426474004983902,0.09710326790809631,0.12763537466526031,0.06398142874240875,0.17666931450366974,0.11181452125310898,0.1645697057247162,0.12022870779037476,0.06505697965621948,0.02125297486782074,0.0956769660115242,0.13585792481899261,0.2040877491235733,0.07025820761919022,0.06503625214099884,0.10808178037405014,0.04936470836400986,0.15562264621257782,0.03630126267671585,0.05290208011865616,0.0802520290017128,0.12992441654205322,0.10822160542011261,0.04130351543426514,0.16849170625209808,0.09857513010501862,0.07298406213521957,0.13489434123039246,0.1039976254105568,0.03400108963251114,0.16993504762649536,0.2000190019607544,0.162663996219635,0.05355854332447052,0.13064169883728027,0.10577674210071564,0.12790529429912567,0.10676489770412445,0.18532103300094604,0.14897556602954865,0.11603141576051712,0.14376340806484222,0.08046962320804596,0.05022064968943596,0.08518077433109283,0.15554049611091614,0.1934453397989273,0.18164710700511932
42,1.8056641,0.0745607241988182,0.040613044053316116,0.13821999728679657,0.2102641463279724,0.1174505203962326,0.17803306877613068,0.12564505636692047,0.07178524881601334,0.21364882588386536,0.23100468516349792,0.12416065484285355,0.009445715695619583,0.13027961552143097,0.053507108241319656,0.3023146092891693,0.25059807300567627,0.18928363919258118,0.1592116504907608,0.1555742472410202,0.15044786036014557,0.1346149891614914,0.053458426147699356,0.06933366507291794,0.14586268365383148,0.27262377738952637,0.19124366343021393,0.04914931580424309,0.11669836938381195,0.04199117794632912,0.1799200177192688,0.10876662284135818,0.027160361409187317,0.1253255307674408,0.18455035984516144,0.17528198659420013,0.09771966189146042,0.12196536362171173,0.16697295010089874,0.13549350202083588,0.1455192267894745,0.046700429171323776,0.1877736896276474,0.18182885646820068,0.15027472376823425,0.15925753116607666,0.22263532876968384,0.1043831929564476,0.138922780752182,0.11081743985414505,0.1597348004579544
43,1.890625,0.2310248613357544,0.03376810997724533,0.036730583757162094,0.30050984025001526,0.1346997171640396,0.14527899026870728,0.0990234911441803,0.12106885015964508,0.29741814732551575,0.16476939618587494,0.19686676561832428,0.017686408013105392,0.0176581721752882,0.18218263983726501,0.0602547861635685,0.29297715425491333,0.034080758690834045,0.04890206828713417,0.2963808476924896,0.11682595312595367,0.13717396557331085,0.234718918800354,0.2648802101612091,0.15596197545528412,0.1348436027765274,0.1854076087474823,0.12425269186496735,0.3026775121688843,0.19649000465869904,0.12395733594894409,0.12161939591169357,0.196010023355484,0.1521526575088501,0.050374120473861694,0.21415071189403534,0.2665572166442871,0.11098817735910416,0.15195345878601074,0.13735534250736237,0.20322836935520172,0.19505605101585388,0.12806637585163116,0.0698573887348175,0.19551873207092285,0.13320884108543396,0.09239409863948822,0.13249525427818298,0.09165596961975098,0.09816988557577133,0.300845205783844
44,1.9775391,0.13820719718933105,0.2663714289665222,0.28996092081069946,0.2629953920841217,0.23463094234466553,0.21459302306175232,0.13515856862068176,0.15203197300434113,0.13819436728954315,0.32475680112838745,0.21932411193847656,0.34088701009750366,0.05836347118020058,0.26651448011398315,0.23763784766197205,0.308651328086853,0.2628902792930603,0.22071044147014618,0.26259341835975647,0.17515352368354797,0.3477841913700104,0.2793460488319397,0.19182822108268738,0.08235953003168106,0.24540935456752777,0.23768380284309387,0.2505435049533844,0.21422746777534485,0.16470912098884583,0.1338314265012741,0.2697172164916992,0.14936460554599762,0.21463517844676971,0.30346912145614624,0.30418893694877625,0.23548802733421326,0.1940382570028305,0.14545845985412598,0.10542287677526474,0.0445091649889946,0.2666861414909363,0.20824716985225677,0.06878449022769928,0.22521160542964935,0.24817752838134766,0.38529810309410095,0.2902430593967438,0.15784728527069092,0.3542115092277527,0.27284765243530273
45,2.0664062,0.3562721610069275,0.20786793529987335,0.11679421365261078,0.17085060477256775,0.29435649514198303,0.3046639859676361,0.3008814752101898,0.3363817036151886,0.3164269030094147,0.3780398666858673,0.35486313700675964,0.2856973111629486,0.22486889362335205,0.26007509231567383,0.29932329058647156,0.33042457699775696,0.3361870348453522,0.266821026802063,0.3535045385360718,0.18018481135368347,0.3828095495700836,0.3719968795776367,0.2218669354915619,0.2869505286216736,0.271592378616333,0.2687910497188568,0.43649813532829285,0.301595002412796,0.4143074154853821,0.33811742067337036,0.26872169971466064,0.27074840664863586,0.32860392332077026,0.21417737007141113,0.319049596786499,0.3531409800052643,0.31542664766311646,0.37972143292427063,0.3797062933444977,0.32887500524520874,0.32814183831214905,0.35726842284202576,0.20332422852516174,0.16787277162075043,0.3479752838611603,0.36335518956184387,0.25102847814559937,0.34094861149787903,0.30432116985321045,0.41189318895339966
46,2.1572266,0.3727512061595917,0.4112875163555145,0.42659589648246765,0.3421019911766052,0.3709700405597687,0.3099662959575653,0.3412267863750458,0.469844788312912,0.2503233253955841,0.25488343834877014,0.37415793538093567,0.20540165901184082,0.23645815253257751,0.33967354893684387,0.4113393723964691,0.4266464412212372,0.3556100130081177,0.4649672210216522,0.39714816212654114,0.3943607211112976,0.4434179365634918,0.25822964310646057,0.30789443850517273,0.42440488934516907,0.45481616258621216,0.38759246468544006,0.4054566025733948,0.2984147369861603,0.36244383454322815,0.2195899486541748,0.33265581727027893,0.4273097813129425,0.21054790914058685,0.35631605982780457,0.405606210231781,0.355707585811615,0.4261818528175354,0.40114375948905945,0.3617662191390991,0.4362781047821045,0.401577353477478,0.22951151430606842,0.3910020887851715,0.2264428287744522,0.378222793340683,0.21563321352005005,0.3365808129310608,0.34928154945373535,0.34498921036720276,0.44154345989227295
47,2.25,0.4758933484554291,0.38015463948249817,0.48873645067214966,0.4677162170410156,0.4847445785999298,0.45461636781692505,0.4953153133392334,0.40345412492752075,0.48289692401885986,0.40961483120918274,0.4784117043018341,0.2999338209629059,0.4847554862499237,0.46342360973358154,0.5170952081680298,0.4795595705509186,0.42353183031082153,0.5204778909683228,0.4467063546180725,0.4851384460926056,0.4726276099681854,0.4963756799697876,0.4357525110244751,0.4329579770565033,0.41535866260528564,0.5029817223548889,0.4478638172149658,0.45120811462402344,0.4423880875110626,0.4901384711265564,0.48148074746131897,0.367770791053772,0.5037423372268677,0.5160425305366516,0.47019368410110474,0.48420390486717224,0.39802640676498413,0.49575576186180115,0.5146075487136841,0.2908099889755249,0.4832364320755005,0.45462316274642944,0.4705260097980499,0.4987952411174774,0.46427732706069946,0.44400912523269653,0.47702690958976746,0.46750587224960327,0.34120839834213257,0.3197349011898041
48,2.3447266,0.5502564907073975,0.5931252241134644,0.5659568309783936,0.5577587485313416,0.5763169527053833,0.5078088045120239,0.5125731229782104,0.5361537337303162,0.5566871762275696,0.5633281469345093,0.5136790871620178,0.5796257257461548,0.5277224183082581,0.5543067455291748,0.5143349170684814,0.5236563682556152,0.5254812240600586,0.5442495346069336,0.49361300468444824,0.5479646325111389,0.5332918167114258,0.522373616695404,0.5218207240104675,0.5444402694702148,0.568459689617157,0.5409186482429504,0.44228845834732056,0.5212907791137695,0.5416609644889832,0.5607267022132874,0.4980728030204773,0.5941497087478638,0.4702993631362915,0.5178526639938354,0.5110166668891907,0.5322415828704834,0.5399210453033447,0.5495539307594299,0.5325000882148743,0.3054226338863373,0.4931480288505554,0.5099735856056213,0.5417647957801819,0.5824272632598877,0.5347992777824402,0.49858495593070984,0.48682573437690735,0.3807080388069153,0.5326903462409973,0.36791539192199707
49,2.4414062,0.5805543661117554,0.5261223316192627,0.5841678380966187,0.5639816522598267,0.5960916876792908,0.596422553062439,0.5652276277542114,0.5986464619636536,0.6133443713188171,0.5975348353385925,0.6011021137237549,0.6115538477897644,0.6201781630516052,0.6101483702659607,0.5677172541618347,0.5850182175636292,0.5580343008041382,0.586681067943573,0.5533455610275269,0.5945444107055664,0.5708734393119812,0.6024715304374695,0.5374308824539185,0.6084124445915222,0.562412679195404,0.5489959716796875,0.6081618070602417,0.5779107213020325,0.5634066462516785,0.580920934677124,0.5678392648696899,0.6079835891723633,0.5549282431602478,0.61150062084198,0.6064159870147705,0.5934258103370667,0.5536836385726929,0.6009973883628845,0.5853614211082458,0.5992776155471802,0.5443881750106812,0.5300696492195129,0.5388928651809692,0.5402805805206299,0.5777328014373779,0.6115193963050842,0.6004437804222107,0.5926998257637024,0.5684828162193298,0.5232658386230469
50,2.540039,0.6189342141151428,0.6372891664505005,0.6296979188919067,0.6270192265510559,0.6537632346153259,0.5882499814033508,0.6466802358627319,0.651599109172821,0.6468580365180969,0.630707859992981,0.6426506042480469,0.6398354172706604,0.6143509149551392,0.6339756846427917,0.6578654646873474,0.6409054398536682,0.6033402681350708,0.5936141610145569,0.6051965355873108,0.6378098726272583,0.6293148994445801,0.6240543127059937,0.6203322410583496,0.6474484801292419,0.6166816353797913,0.5949339866638184,0.6238812804222107,0.6311331987380981,0.6435647010803223,0.6052367091178894,0.6203615069389343,0.6319512128829956,0.625095784664154,0.6399592161178589,0.6214568614959717,0.6161324381828308,0.6175180077552795,0.6239191293716431,0.6129922866821289,0.6572386622428894,0.6305627226829529,0.63167405128479,0.6220699548721313,0.6484683752059937,0.6136506795883179,0.6551851034164429,0.6141723990440369,0.6429399251937866,0.6641229391098022,0.6640766859054565
51,2.640625,0.6704644560813904,0.654231607913971,0.6487301588058472,0.6421123147010803,0.6584872603416443,0.6408249139785767,0.6561253666877747,0.669830858707428,0.6640781164169312,0.6728904843330383,0.6537415981292725,0.6507537961006165,0.6439966559410095,0.6728906631469727,0.6792232394218445,0.6397379040718079,0.662381112575531,0.6692695021629333,0.6608429551124573,0.6606287956237793,0.6580637097358704,0.6511726975440979,0.671917736530304,0.625356912612915,0.6696946620941162,0.6487092971801758,0.6553148627281189,0.6457468271255493,0.6639689803123474,0.6586586833000183,0.6696888208389282,0.676772952079773,0.6752703189849854,0.6438708901405334,0.6555078029632568,0.6348691582679749,0.6475133299827576,0.6498429775238037,0.6543536186218262,0.6277593374252319,0.6480193138122559,0.665355920791626,0.6525932550430298,0.6599513292312622,0.6559632420539856,0.6514643430709839,0.6591987013816833,0.6701871156692505,0.6662821173667908,0.6159272789955139
52,2.743164,0.7126022577285767,0.6985769867897034,0.6889288425445557,0.6819907426834106,0.6964423656463623,0.6994996070861816,0.6553452610969543,0.6941455602645874,0.6986030340194702,0.6885163187980652,0.6955351233482361,0.687481164932251,0.7065842151641846,0.6810399889945984,0.687904417514801,0.6868184208869934,0.6966507434844971,0.6731735467910767,0.6838994026184082,0.6956525444984436,0.6949840784072876,0.6913577318191528,0.698101818561554,0.6874477863311768,0.685889482498169,0.6888407468795776,0.696539044380188,0.687571108341217,0.7034567594528198,0.6930692791938782,0.6980229020118713,0.6814929246902466,0.6990277767181396,0.6884613633155823,0.6969655752182007,0.6959859728813171,0.6898457407951355,0.6850136518478394,0.700405478477478,0.6884947419166565,0.6962399482727051,0.6857969760894775,0.69499272108078,0.6778320074081421,0.6827161908149719,0.6889038681983948,0.6886978149414062,0.7011710405349731,0.6959221959114075,0.6882525086402893
53,2.8476562,0.7375381588935852,0.7455831170082092,0.7021640539169312,0.7204412817955017,0.7219528555870056,0.7288459539413452,0.7242028713226318,0.709322452545166,0.7282655239105225,0.7102344036102295,0.70721435546875,0.7210259437561035,0.7080559134483337,0.7286303043365479,0.7167421579360962,0.7281123399734497,0.7297250628471375,0.7268491387367249,0.7236919403076172,0.7116665840148926,0.7109116911888123,0.7197427153587341,0.724290132522583,0.7114049792289734,0.7164475321769714,0.7255625128746033,0.7187244296073914,0.7082827687263489,0.7095307111740112,0.7270457744598389,0.7280683517456055,0.718966543674469,0.7203976511955261,0.7094544172286987,0.7110037207603455,0.7220146059989929,0.7241266369819641,0.7293205857276917,0.731508195400238,0.7084389328956604,0.735643744468689,0.7129980325698853,0.7139082551002502,0.7331083416938782,0.7045142650604248,0.7195272445678711,0.726590096950531,0.727013349533081,0.72633296251297,0.7066212892532349
54,2.9541016,0.7273692488670349,0.735930323600769,0.7301655411720276,0.7407479882240295,0.7408604025840759,0.7440564632415771,0.7408501505851746,0.7496252655982971,0.7531404495239258,0.7499569058418274,0.7537463903427124,0.7445423603057861,0.7424732446670532,0.7550502419471741,0.7446563839912415,0.7276445031166077,0.7288833856582642,0.7277957201004028,0.7466354966163635,0.7252139449119568,0.741183876991272,0.7402782440185547,0.7331377267837524,0.7431005835533142,0.7599494457244873,0.7562429308891296,0.7492738962173462,0.7398595213890076,0.7522647380828857,0.7380660772323608,0.7341974377632141,0.7571300864219666,0.7550220489501953,0.7602965831756592,0.7356727123260498,0.745669424533844,0.7530068755149841,0.7405123710632324,0.7325759530067444,0.7263149619102478,0.74335777759552,0.7457402348518372,0.7357618808746338,0.7290419340133667,0.7211795449256897,0.7515806555747986,0.7376978397369385,0.7413155436515808,0.7539209127426147,0.7342994213104248
55,3.0625,0.7646487951278687,0.757030189037323,0.760474681854248,0.7655752897262573,0.7575415372848511,0.7707407474517822,0.7648088335990906,0.7766281962394714,0.7797887921333313,0.7537952661514282,0.7493693828582764,0.7703017592430115,0.7639139294624329,0.7638224363327026,0.7601020932197571,0.757543683052063,0.7626554369926453,0.746147096157074,0.7580367922782898,0.7652263641357422,0.7525821328163147,0.7708830833435059,0.7672147750854492,0.764341413974762,0.7639456391334534,0.7659493088722229,0.7702929377555847,0.7624483108520508,0.7637163400650024,0.7770289778709412,0.7616124749183655,0.7656280398368835,0.7531064748764038,0.7575088143348694,0.766912043094635,0.7392779588699341,0.7735128402709961,0.7711101770401001,0.7529652118682861,0.764102578163147,0.7645135521888733,0.765357255935669,0.77618807554245,0.753771185874939,0.7587572336196899,0.7564011216163635,0.7714163064956665,0.7645994424819946,0.7566275596618652,0.7516137957572937
56,3.1728516,0.7688418626785278,0.7744728922843933,0.7887079119682312,0.7761010527610779,0.7791792750358582,0.789002537727356,0.7822476029396057,0.7730844020843506,0.7792384624481201,0.7883305549621582,0.7869009375572205,0.7756310701370239,0.7789398431777954,0.778038740158081,0.7830625176429749,0.7857465744018555,0.7844889163970947,0.773228645324707,0.7861883640289307,0.7724422812461853,0.7794288396835327,0.7878642082214355,0.7897489070892334,0.7797472476959229,0.7822768092155457,0.7874354124069214,0.7806953191757202,0.7906957864761353,0.7808105945587158,0.7871030569076538,0.7705708742141724,0.7730351686477661,0.7821195125579834,0.7889527678489685,0.7776505351066589,0.7838371396064758,0.7792055606842041,0.7840231657028198,0.7903463840484619,0.7894167304039001,0.7800337076187134,0.7846114635467529,0.7804387807846069,0.7731403708457947,0.7695547342300415,0.7729272246360779,0.7874367237091064,0.7882569432258606,0.7850407958030701,0.786954939365387
57,3.2851562,0.8008765578269958,0.7938756346702576,0.8022055625915527,0.7991218566894531,0.7973408699035645,0.8037077784538269,0.7956694960594177,0.7959021925926208,0.796471118927002,0.7791914343833923,0.8035629987716675,0.7996643781661987,0.7954418659210205,0.799185037612915,0.7987022399902344,0.8028191924095154,0.7949977517127991,0.786438524723053,0.7931639552116394,0.7944579124450684,0.7963342666625977,0.7910996675491333,0.798028290271759,0.786918580532074,0.7953137755393982,0.7891373038291931,0.7887824177742004,0.7997488379478455,0.8020875453948975,0.7854059934616089,0.7969768047332764,0.7972328066825867,0.8038634061813354,0.8000231385231018,0.8038914203643799,0.7933274507522583,0.7926180958747864,0.7936225533485413,0.8042317628860474,0.7915290594100952,0.8044092059135437,0.7961275577545166,0.796636700630188,0.7884517312049866,0.7918387055397034,0.7920367121696472,0.7946770787239075,0.7974368333816528,0.8063861131668091,0.797930896282196
58,3.399414,0.8163951635360718,0.8110980987548828,0.8125583529472351,0.8134193420410156,0.8037881255149841,0.8014622330665588,0.8095736503601074,0.8191336393356323,0.8141716122627258,0.8038846850395203,0.8149901032447815,0.79648357629776,0.8159551620483398,0.8162484765052795,0.8103457093238831,0.8121463060379028,0.8085556030273438,0.8043321371078491,0.8119395971298218,0.8020668029785156,0.8038647174835205,0.8027337789535522,0.8084548711776733,0.8107732534408569,0.8016495704650879,0.8065916895866394,0.8086172938346863,0.8097885251045227,0.8099791407585144,0.8140557408332825,0.8091084957122803,0.8142077922821045,0.8169530034065247,0.8045694828033447,0.8072741031646729,0.8073983192443848,0.7981082797050476,0.8043815493583679,0.8060568571090698,0.8060256838798523,0.8103793263435364,0.805834949016571,0.8136773109436035,0.8072725534439087,0.8103997707366943,0.8056972026824951,0.8153991103172302,0.8173515200614929,0.8068267107009888,0.8078681230545044
59,3.515625,0.827701985836029,0.8196510672569275,0.8257871866226196,0.8193543553352356,0.8210025429725647,0.8164383769035339,0.8244373798370361,0.8244439959526062,0.8257184624671936,0.8234707713127136,0.818567156791687,0.8195247054100037,0.8134915828704834,0.8261288404464722,0.8271641731262207,0.8240988850593567,0.8259312510490417,0.8216052651405334,0.8220086097717285,0.8165635466575623,0.8148561120033264,0.8206404447555542,0.8162502646446228,0.8207642436027527,0.8222222328186035,0.8231109976768494,0.8208800554275513,0.8275653123855591,0.8201059699058533,0.8247242569923401,0.8248174786567688,0.8206077814102173,0.8231775760650635,0.8193531036376953,0.8291275501251221,0.8194165825843811,0.8244245648384094,0.8271758556365967,0.8165421485900879,0.8101893663406372,0.814657986164093,0.8204745650291443,0.826154351234436,0.8257162570953369,0.8204460740089417,0.8140664100646973,0.8294205069541931,0.8143476247787476,0.8277515172958374,0.8199797868728638
60,3.633789,0.8338749408721924,0.8337393403053284,0.8327898979187012,0.8376752734184265,0.8341437578201294,0.8307949900627136,0.8323109149932861,0.8331292271614075,0.8298253417015076,0.8351083993911743,0.8345146179199219,0.8325396180152893,0.8255159258842468,0.8304508924484253,0.8349708914756775,0.8369142413139343,0.8395339846611023,0.8369974493980408,0.8329344987869263,0.8354355096817017,0.838982343673706,0.8365432620048523,0.8384706974029541,0.8313562273979187,0.8331565856933594,0.8350595235824585,0.8400030136108398,0.8349654674530029,0.8400750160217285,0.8408055901527405,0.8319936990737915,0.8343913555145264,0.8292757868766785,0.8311365842819214,0.8326824307441711,0.8261709809303284,0.8343605399131775,0.8313681483268738,0.8394247889518738,0.8359462022781372,0.8312524557113647,0.8419598340988159,0.8328276872634888,0.8352212905883789,0.8424586057662964,0.8372980356216431,0.8389043807983398,0.8344707489013672,0.8349480628967285,0.833537757396698
61,3.7539062,0.8358027935028076,0.8417448401451111,0.8367425203323364,0.8450878858566284,0.8483712673187256,0.8429232239723206,0.8425372242927551,0.8358327746391296,0.8459729552268982,0.8411204814910889,0.8444377779960632,0.8471641540527344,0.8302335143089294,0.8460307717323303,0.8429476022720337,0.8475446701049805,0.8447207808494568,0.8415663242340088,0.8434044122695923,0.8408544063568115,0.8500044941902161,0.8462917804718018,0.8436688780784607,0.8394452333450317,0.849854588508606,0.8422864079475403,0.8429219722747803,0.8418489694595337,0.8537617921829224,0.8432283997535706,0.8501120209693909,0.8363847732543945,0.843056857585907,0.8459635972976685,0.8528356552124023,0.8355644345283508,0.8352992534637451,0.8474776148796082,0.8428087830543518,0.8426847457885742,0.8439621925354004,0.8509802222251892,0.8481398820877075,0.8448982834815979,0.8477483987808228,0.8437910079956055,0.8471038341522217,0.8482655882835388,0.8404588103294373,0.8377380967140198
62,3.8759766,0.8552120923995972,0.8529400825500488,0.8507335186004639,0.857467532157898,0.855887770652771,0.8558244705200195,0.8490487337112427,0.8543732762336731,0.8453017473220825,0.8538536429405212,0.8526111245155334,0.8480347990989685,0.8483476042747498,0.8546827435493469,0.8562126159667969,0.8541618585586548,0.8483048677444458,0.8507778644561768,0.8523626923561096,0.8537595868110657,0.8567191362380981,0.8500776886940002,0.8493003249168396,0.8543133735656738,0.855196475982666,0.8531036972999573,0.8587034940719604,0.8517381548881531,0.8518105745315552,0.8554500937461853,0.8526352047920227,0.8534317016601562,0.8542376756668091,0.8492826223373413,0.8506987690925598,0.855725884437561,0.8518288731575012,0.841753363609314,0.8486864566802979,0.8580296635627747,0.8473975658416748,0.8574507236480713,0.8538228869438171,0.8542826771736145,0.8514507412910461,0.8506918549537659,0.8526048064231873,0.8515122532844543,0.855493426322937,0.8585941791534424
63,4.0,0.8606408834457397,0.8660882115364075,0.8573986291885376,0.8608167767524719,0.8680012226104736,0.863101601600647,0.8554894328117371,0.8596861958503723,0.8670744895935059,0.8619071245193481,0.8576256632804871,0.8624058961868286,0.8585697412490845,0.8686401844024658,0.8663795590400696,0.8626115322113037,0.866508424282074,0.8575848340988159,0.867293119430542,0.8592088222503662,0.8632628917694092,0.8632137179374695,0.8612231016159058,0.8605604767799377,0.8602641224861145,0.8535891771316528,0.862075686454773,0.8653589487075806,0.8621821403503418,0.8638870120048523,0.8641324639320374,0.8635250329971313,0.8630427718162537,0.8628941178321838,0.8637114763259888,0.8635274171829224,0.8632773756980896,0.8559113144874573,0.8616161942481995,0.857867419719696,0.8663337826728821,0.8644017577171326,0.8609874844551086,0.8597683310508728,0.8676426410675049,0.8620087504386902,0.8626084327697754,0.8615579009056091,0.8693869113922119,0.8599190711975098
64,4.1259766,0.869275689125061,0.8704527616500854,0.8705769181251526,0.8728889226913452,0.8658100962638855,0.8723136186599731,0.8658106923103333,0.8719173669815063,0.8694064021110535,0.8604325652122498,0.8725059032440186,0.8708703517913818,0.8674894571304321,0.870595395565033,0.8703951239585876,0.8774530291557312,0.8695233464241028,0.8701204061508179,0.8679496049880981,0.8675157427787781,0.8672199845314026,0.8671826720237732,0.8708263635635376,0.8672448992729187,0.8709438443183899,0.8719316720962524,0.8658164143562317,0.872683584690094,0.8700547218322754,0.8673834800720215,0.8724916577339172,0.8696373701095581,0.8678591251373291,0.8708574175834656,0.8662571907043457,0.8706592321395874,0.8626263737678528,0.8696340322494507,0.8628506064414978,0.8692823052406311,0.8714076280593872,0.8764485716819763,0.8735119700431824,0.8706928491592407,0.8708885312080383,0.8688144683837891,0.8662158250808716,0.8657216429710388,0.8673915863037109,0.8748631477355957
65,4.2539062,0.8790901899337769,0.8731361031532288,0.8791977167129517,0.8733048439025879,0.8794331550598145,0.8750882744789124,0.8720727562904358,0.879560649394989,0.8792091608047485,0.8737700581550598,0.8768399953842163,0.8725181818008423,0.8734456300735474,0.8782351016998291,0.8736563324928284,0.8736218810081482,0.878517210483551,0.8774725198745728,0.8787527084350586,0.8768212795257568,0.881384015083313,0.8718459010124207,0.8846601247787476,0.8773965239524841,0.8742717504501343,0.8748207688331604,0.8774369359016418,0.8764557838439941,0.8821664452552795,0.8737760186195374,0.8800367116928101,0.8711550831794739,0.8811832666397095,0.878608226776123,0.8728479743003845,0.875015914440155,0.8737237453460693,0.8776976466178894,0.8719608783721924,0.8788559436798096,0.8759921193122864,0.8792114853858948,0.877638041973114,0.880666196346283,0.8741123080253601,0.8783177733421326,0.8746524453163147,0.8770021200180054,0.8741739988327026,0.8757673501968384
66,4.383789,0.8833053708076477,0.8865175843238831,0.8855079412460327,0.8788393139839172,0.883500337600708,0.8867014050483704,0.8799023628234863,0.8822803497314453,0.8825105428695679,0.8782745599746704,0.8788506388664246,0.8860461711883545,0.8874580264091492,0.8848381042480469,0.8817170858383179,0.8844651579856873,0.8861940503120422,0.8821533918380737,0.8801203370094299,0.886217474937439,0.8771100640296936,0.8808757066726685,0.8831514120101929,0.8822587132453918,0.8830104470252991,0.8888197541236877,0.8803941011428833,0.8867459893226624,0.8829389810562134,0.8792807459831238,0.8831359148025513,0.88007652759552,0.8859056830406189,0.8847342729568481,0.8803435564041138,0.8820401430130005,0.886221170425415,0.8833576440811157,0.8836541771888733,0.8784408569335938,0.8798851370811462,0.8828939199447632,0.8859100341796875,0.879839301109314,0.8805263638496399,0.8815134763717651,0.8846128582954407,0.8853591680526733,0.8880518674850464,0.8818408250808716
67,4.515625,0.8871331214904785,0.8850920796394348,0.8906423449516296,0.8899598717689514,0.8873369097709656,0.8852332830429077,0.8915955424308777,0.8928105235099792,0.8951826095581055,0.8933473229408264,0.8868026733398438,0.89203941822052,0.8884449005126953,0.8873898983001709,0.8856161236763,0.8890475034713745,0.8894168734550476,0.8889575600624084,0.8880574703216553,0.8854113221168518,0.888738751411438,0.8852959275245667,0.8880576491355896,0.8859765529632568,0.8878806829452515,0.8870915174484253,0.8890523314476013,0.8891081213951111,0.8899456858634949,0.8867197036743164,0.8846429586410522,0.8952230215072632,0.8880671262741089,0.8912152647972107,0.8930009603500366,0.8906106352806091,0.8906620740890503,0.8907644152641296,0.8870257139205933,0.8882869482040405,0.8855088949203491,0.8926116228103638,0.8888076543807983,0.8871911764144897,0.8888910412788391,0.8842325806617737,0.8932692408561707,0.8913528323173523,0.8884250521659851,0.8869138956069946
68,4.649414,0.8932228684425354,0.8927320241928101,0.893284022808075,0.8924385905265808,0.8963310122489929,0.8925662636756897,0.8932297825813293,0.894324004650116,0.8943065404891968,0.8925628066062927,0.8985147476196289,0.8938160538673401,0.9002460837364197,0.8958877921104431,0.8977758288383484,0.8963430523872375,0.8947673439979553,0.8946300148963928,0.8920426368713379,0.8928780555725098,0.8921366930007935,0.8985057473182678,0.8962891697883606,0.89280104637146,0.8920926451683044,0.8938331604003906,0.8973858952522278,0.8950281739234924,0.893555760383606,0.8937901854515076,0.8944389224052429,0.8961044549942017,0.8934609889984131,0.8939313292503357,0.8946745991706848,0.8943821787834167,0.8905320167541504,0.8957687616348267,0.8929991126060486,0.8927693963050842,0.8955792784690857,0.898332417011261,0.8967257738113403,0.8911160230636597,0.8966682553291321,0.8968942761421204,0.890195906162262,0.8948647975921631,0.8948219418525696,0.8982082605361938
69,4.7851562,0.8968571424484253,0.8994510769844055,0.9009500741958618,0.9041391611099243,0.9008104205131531,0.9014357328414917,0.89658123254776,0.8993829488754272,0.902862012386322,0.8960676193237305,0.8998295664787292,0.9004921317100525,0.899560809135437,0.8994963765144348,0.9030288457870483,0.8974750638008118,0.898122251033783,0.8985924124717712,0.897560179233551,0.899985671043396,0.9021381139755249,0.9011950492858887,0.896156370639801,0.8965904712677002,0.8950018882751465,0.9013808965682983,0.8951252102851868,0.9006912112236023,0.9001922011375427,0.8984389305114746,0.9030994176864624,0.8969029784202576,0.8965426087379456,0.8996942043304443,0.8957047462463379,0.8982065320014954,0.9001587629318237,0.8966966271400452,0.8979964852333069,0.8990786671638489,0.8982318043708801,0.89939284324646,0.9002779126167297,0.894546389579773,0.9045877456665039,0.8995802402496338,0.8987718224525452,0.9030909538269043,0.8968183994293213,0.9018529057502747
70,4.9228516,0.9040514230728149,0.9042938351631165,0.9031120538711548,0.9026190638542175,0.9011960029602051,0.9034456610679626,0.902299702167511,0.9040269255638123,0.9003614187240601,0.9068132638931274,0.9043241739273071,0.9035513997077942,0.9017058610916138,0.9053880572319031,0.902987003326416,0.9008697867393494,0.9001432061195374,0.9033172130584717,0.9014185667037964,0.9060953855514526,0.9061964750289917,0.9004806876182556,0.9006540179252625,0.9011416435241699,0.9045760035514832,0.9058904051780701,0.9043487906455994,0.9023480415344238,0.9041399955749512,0.904854953289032,0.9060274958610535,0.9023154973983765,0.9018197059631348,0.8960111141204834,0.9048481583595276,0.9048480987548828,0.9030205607414246,0.9034668803215027,0.9061055183410645,0.9035345911979675,0.9043728709220886,0.9015282392501831,0.9023743271827698,0.9072369933128357,0.9066857695579529,0.9043434262275696,0.9025353789329529,0.9025603532791138,0.904137134552002,0.9057340621948242
71,5.0625,0.906379222869873,0.9077526926994324,0.9046935439109802,0.908913254737854,0.9107052683830261,0.90937739610672,0.9097989797592163,0.9063036441802979,0.9099758863449097,0.9083519577980042,0.9085399508476257,0.9061650037765503,0.9123809933662415,0.9057143926620483,0.9086222052574158,0.9065057039260864,0.910345196723938,0.9062935709953308,0.9094395041465759,0.9078413248062134,0.9101573824882507,0.9081805348396301,0.9093115329742432,0.9101302623748779,0.9082753658294678,0.9088602662086487,0.9119052290916443,0.9079718589782715,0.9083994626998901,0.9077795743942261,0.9075510501861572,0.9092168211936951,0.9086659550666809,0.9096462726593018,0.9143407940864563,0.9093717932701111,0.908763587474823,0.9088408350944519,0.9064908623695374,0.9100454449653625,0.9053418636322021,0.9076196551322937,0.9114039540290833,0.9099234342575073,0.9101840257644653,0.9104442596435547,0.905472993850708,0.9075093269348145,0.9100620746612549,0.9042106866836548
72,5.2041016,0.9102252125740051,0.9109816551208496,0.9139153957366943,0.9111074805259705,0.9095597267150879,0.9144334197044373,0.9100844264030457,0.9131308197975159,0.9111588597297668,0.9128586053848267,0.9144743084907532,0.9104894995689392,0.9151932001113892,0.9129078984260559,0.9149248600006104,0.9084214568138123,0.9115902185440063,0.9133219718933105,0.9140672087669373,0.9149551391601562,0.9081944227218628,0.9133774638175964,0.9144392013549805,0.9143284559249878,0.9092438220977783,0.9144319295883179,0.914396345615387,0.9113401174545288,0.9132781028747559,0.912790834903717,0.9129588007926941,0.9138407707214355,0.9118615984916687,0.9128854274749756,0.9143994450569153,0.9172869920730591,0.912236750125885,0.9107687473297119,0.9146649241447449,0.9122748970985413,0.9106189012527466,0.914447546005249,0.9130277633666992,0.9140141010284424,0.9109369516372681,0.9133399128913879,0.9132819771766663,0.9094135165214539,0.9171121120452881,0.9139326214790344
73,5.3476562,0.9160324931144714,0.9138460755348206,0.9181760549545288,0.9139546751976013,0.9199438691139221,0.919197678565979,0.9147543907165527,0.9204778671264648,0.917053759098053,0.9152660369873047,0.9145596623420715,0.9189341068267822,0.916050136089325,0.9151535630226135,0.9197750091552734,0.9138463735580444,0.9192542433738708,0.9156375527381897,0.9175333976745605,0.9152290225028992,0.9169783592224121,0.9144757986068726,0.9139177203178406,0.9160342812538147,0.9161939024925232,0.9178317189216614,0.9141495823860168,0.9152201414108276,0.9160639047622681,0.9147409796714783,0.9194592237472534,0.9177733063697815,0.9175094962120056,0.9150201678276062,0.9160756468772888,0.9162434935569763,0.9134518504142761,0.9134707450866699,0.9152109026908875,0.916130006313324,0.9173456430435181,0.917660117149353,0.9160496592521667,0.9190211296081543,0.9190749526023865,0.9158759713172913,0.917012631893158,0.9165446758270264,0.9160894751548767,0.9147961735725403
74,5.493164,0.9193321466445923,0.9187679886817932,0.9204885959625244,0.9217262864112854,0.9190946817398071,0.9217445254325867,0.9197180271148682,0.9226366877555847,0.9218706488609314,0.9177939891815186,0.9221451878547668,0.9201893210411072,0.9219893217086792,0.9204934239387512,0.9194315075874329,0.920830249786377,0.92214035987854,0.9238470792770386,0.9206053018569946,0.9192532300949097,0.9189034700393677,0.9203767776489258,0.9199926257133484,0.92130446434021,0.9199222922325134,0.9160054922103882,0.9186269640922546,0.9216986894607544,0.9195709824562073,0.9194648265838623,0.9201515316963196,0.922238290309906,0.9215360283851624,0.9198765754699707,0.9212539196014404,0.9203500151634216,0.9173010587692261,0.920937716960907,0.9196015000343323,0.9189598560333252,0.9208896160125732,0.9217267632484436,0.9184696078300476,0.920298159122467,0.9192732572555542,0.9223095178604126,0.9199293255805969,0.9229512810707092,0.916592001914978,0.9206682443618774
75,5.640625,0.923036515712738,0.9205416440963745,0.9226825833320618,0.9237695932388306,0.922210156917572,0.9242830872535706,0.9243119359016418,0.9229943752288818,0.9250543117523193,0.9253421425819397,0.920822024345398,0.9241052269935608,0.9233153462409973,0.9198917746543884,0.9200988411903381,0.9230724573135376,0.9252405166625977,0.9234801530838013,0.9216523766517639,0.9254568219184875,0.9231947064399719,0.9216963648796082,0.9233750700950623,0.9247308969497681,0.9231895804405212,0.9220836758613586,0.9253639578819275,0.9247369170188904,0.9250555038452148,0.9251977205276489,0.9218136072158813,0.924403965473175,0.9241807460784912,0.9233084917068481,0.9223111867904663,0.9225988388061523,0.9227521419525146,0.9221924543380737,0.9254496097564697,0.9236447215080261,0.9228103756904602,0.9216281771659851,0.923979640007019,0.9246520400047302,0.9240223169326782,0.923495888710022,0.9223239421844482,0.9209737181663513,0.922039270401001,0.9223992824554443
76,5.790039,0.9262055158615112,0.925445020198822,0.9280684590339661,0.9277855753898621,0.9244265556335449,0.927191972732544,0.9253236651420593,0.9230250716209412,0.9275344610214233,0.9274255037307739,0.9250789880752563,0.9271110892295837,0.928448498249054,0.9284301400184631,0.9256994128227234,0.9271091222763062,0.9280357956886292,0.9251448512077332,0.927862823009491,0.9289888739585876,0.926304042339325,0.925156831741333,0.9277812242507935,0.9236862063407898,0.9272993206977844,0.923468828201294,0.9291816353797913,0.9278589487075806,0.925397515296936,0.9253953695297241,0.9232224225997925,0.9253139495849609,0.927073061466217,0.925502359867096,0.9249092936515808,0.9272362589836121,0.9278868436813354,0.9259943962097168,0.9270275831222534,0.926079511642456,0.9289995431900024,0.9277805089950562,0.9252013564109802,0.925822377204895,0.9313528537750244,0.928318977355957,0.9270075559616089,0.9270228147506714,0.9251528382301331,0.9260567426681519
77,5.9414062,0.9286097884178162,0.9313515424728394,0.9326114654541016,0.928053081035614,0.9304344058036804,0.928553581237793,0.931754469871521,0.9311450123786926,0.928320586681366,0.9289938807487488,0.9310112595558167,0.9299008846282959,0.9306464195251465,0.9274153709411621,0.929645836353302,0.9288634657859802,0.928096354007721,0.9280743598937988,0.9312344193458557,0.9304383397102356,0.9297880530357361,0.9291385412216187,0.9294838309288025,0.9298563003540039,0.9304990768432617,0.9307646751403809,0.9282316565513611,0.9296000003814697,0.9296087622642517,0.9296756386756897,0.9290788769721985,0.9298887848854065,0.9291183948516846,0.9275548458099365,0.9286844730377197,0.927513837814331,0.9271562099456787,0.9306812882423401,0.9312347173690796,0.9333838820457458,0.930594265460968,0.9286018013954163,0.92759108543396,0.9288007020950317,0.9320542812347412,0.9309965968132019,0.9293231964111328,0.9307888150215149,0.9323939681053162,0.9287132620811462
78,6.0947266,0.9320602416992188,0.9322109222412109,0.9343008995056152,0.9306230545043945,0.9311900734901428,0.9309072494506836,0.9307429194450378,0.9331403970718384,0.9350477457046509,0.932658851146698,0.9337419271469116,0.9319342970848083,0.9328815340995789,0.9302865862846375,0.9320144653320312,0.9311593174934387,0.9318467974662781,0.9328160285949707,0.9318237900733948,0.9311611652374268,0.9302059412002563,0.9304935336112976,0.9324162006378174,0.9353982210159302,0.9320744872093201,0.9341042637825012,0.9319618940353394,0.9303402304649353,0.9310747981071472,0.9332942962646484,0.9313262104988098,0.9306710362434387,0.9316579103469849,0.9327754378318787,0.9328876733779907,0.9311596751213074,0.9307287335395813,0.9328059554100037,0.9332678914070129,0.932481050491333,0.9313904047012329,0.9298749566078186,0.9304677248001099,0.9343430399894714,0.9290398955345154,0.931044340133667,0.9321609735488892,0.9328712224960327,0.9311810731887817,0.9319896101951599
79,6.25,0.9344486594200134,0.9346922039985657,0.9322470426559448,0.9341834783554077,0.9322954416275024,0.9341843724250793,0.9364967942237854,0.9341333508491516,0.9329957962036133,0.9338594675064087,0.9343555569648743,0.934453547000885,0.9339821338653564,0.9323605298995972,0.9347100257873535,0.936135470867157,0.9328017830848694,0.934140682220459,0.935721755027771,0.9315173625946045,0.9321998357772827,0.9353760480880737,0.9347731471061707,0.9328977465629578,0.9340130686759949,0.9351146817207336,0.9351028800010681,0.9346299171447754,0.9351654052734375,0.9327829480171204,0.934318482875824,0.9352783560752869,0.932532548904419,0.9362758994102478,0.9344739317893982,0.9331201910972595,0.9321469068527222,0.9361017346382141,0.9367392063140869,0.9338915348052979,0.9331662058830261,0.9366527199745178,0.936048150062561,0.9338114857673645,0.9347500205039978,0.9370368719100952,0.9337896704673767,0.9341371059417725,0.933174192905426,0.9337162971496582
80,6.4072266,0.9365902543067932,0.9385659694671631,0.9396288990974426,0.9348819851875305,0.9363959431648254,0.9374666213989258,0.9377842545509338,0.9373719692230225,0.93735671043396,0.93743497133255,0.9349502921104431,0.9359052181243896,0.9374030828475952,0.938387930393219,0.9380619525909424,0.9371955394744873,0.9372665286064148,0.9385251998901367,0.9374881982803345,0.934063196182251,0.9361767768859863,0.9403164386749268,0.9371885657310486,0.9392383098602295,0.9380034804344177,0.9363481998443604,0.9392626285552979,0.9345911741256714,0.9365944266319275,0.937333881855011,0.9363755583763123,0.9375842213630676,0.9377316236495972,0.9366296529769897,0.9358786940574646,0.9368708729743958,0.9376735687255859,0.94022536277771,0.9374926090240479,0.9354587197303772,0.9371471405029297,0.9355365633964539,0.936820387840271,0.9364432692527771,0.9371742606163025,0.9385728240013123,0.9371566772460938,0.9357383847236633,0.9380635023117065,0.9377696514129639
81,6.5664062,0.9409563541412354,0.9385145902633667,0.9373812079429626,0.9384998083114624,0.9387134313583374,0.939608097076416,0.9405375123023987,0.9391040205955505,0.9403660297393799,0.9398632049560547,0.9408351182937622,0.9403117299079895,0.9389105439186096,0.9388457536697388,0.9402912259101868,0.9425967335700989,0.9402300715446472,0.9403477311134338,0.940838634967804,0.9405723810195923,0.9407771825790405,0.9393383264541626,0.9384902119636536,0.9402287602424622,0.9396312832832336,0.9400157928466797,0.9396700263023376,0.9382641315460205,0.9387701153755188,0.9400082230567932,0.9388539791107178,0.9398247599601746,0.9390977621078491,0.9400798082351685,0.938233494758606,0.9379426836967468,0.9382510781288147,0.93961501121521,0.9381431937217712,0.9394187927246094,0.940992534160614,0.9391753673553467,0.9392060041427612,0.9402109384536743,0.9396330118179321,0.9384579062461853,0.9372936487197876,0.9411083459854126,0.9398162364959717,0.9393993020057678
82,6.727539,0.9413626194000244,0.9420861005783081,0.9428296685218811,0.9414051175117493,0.942024290561676,0.939920961856842,0.940664529800415,0.9414960145950317,0.9398016333580017,0.9438682198524475,0.9401053786277771,0.9430752992630005,0.9407895803451538,0.9427589178085327,0.9424393773078918,0.9403770565986633,0.9417059421539307,0.9418577551841736,0.9406235814094543,0.940910279750824,0.9427282214164734,0.939480185508728,0.941105842590332,0.9402955770492554,0.9440012574195862,0.9420390725135803,0.9400957822799683,0.9407281875610352,0.9417476654052734,0.9401121139526367,0.9412287473678589,0.9400835037231445,0.9424368739128113,0.9407654404640198,0.9399718046188354,0.9410844445228577,0.940675675868988,0.941540002822876,0.9409000277519226,0.9417093992233276,0.942160964012146,0.9422411322593689,0.943531334400177,0.9406375885009766,0.9404323101043701,0.9432889819145203,0.9420979619026184,0.9428950548171997,0.9419446587562561,0.9412207007408142
83,6.890625,0.9418538212776184,0.9434111714363098,0.943722128868103,0.9435517191886902,0.943190336227417,0.9436599612236023,0.9451059103012085,0.9423592686653137,0.941233217716217,0.9435601830482483,0.9454079866409302,0.9441747069358826,0.9414018988609314,0.9447396993637085,0.9446631669998169,0.9428859353065491,0.9412463307380676,0.9451490640640259,0.9438223242759705,0.9414674043655396,0.9432447552680969,0.9452255368232727,0.9425532817840576,0.9446077942848206,0.9440195560455322,0.9440140128135681,0.9433727264404297,0.9450058341026306,0.9423243403434753,0.9431896209716797,0.942634642124176,0.9434103965759277,0.941850483417511,0.942525327205658,0.9449547529220581,0.9434980154037476,0.9458172917366028,0.9435414671897888,0.9402557015419006,0.9415706992149353,0.9430957436561584,0.941103458404541,0.9432623386383057,0.944587767124176,0.9449718594551086,0.9420347809791565,0.9421342015266418,0.9428526163101196,0.9449551105499268,0.9435842037200928
84,7.055664,0.9462313652038574,0.9458159804344177,0.943862795829773,0.9468718767166138,0.9448230862617493,0.9449398517608643,0.9462177753448486,0.9465285539627075,0.9448134899139404,0.9457931518554688,0.94667649269104,0.9457060694694519,0.9473879337310791,0.9444714188575745,0.9471461772918701,0.946178674697876,0.9454071521759033,0.9473394155502319,0.943912148475647,0.9469916820526123,0.9449130892753601,0.9461485743522644,0.9451507329940796,0.9452824592590332,0.9439759254455566,0.9463424682617188,0.9445623159408569,0.9446513056755066,0.9465516805648804,0.9451837539672852,0.9481810331344604,0.9457091689109802,0.9437198042869568,0.9453921914100647,0.9465214014053345,0.9438703656196594,0.9471801519393921,0.944332480430603,0.9452507495880127,0.9455652236938477,0.9456460475921631,0.9446414113044739,0.9452870488166809,0.946925938129425,0.9466766119003296,0.9442877173423767,0.945363461971283,0.945038914680481,0.9456338882446289,0.9454794526100159
85,7.2226562,0.9468875527381897,0.9487934708595276,0.9483927488327026,0.949986457824707,0.9484831094741821,0.9472104907035828,0.9493698477745056,0.9487707614898682,0.9485068321228027,0.9464184641838074,0.9467313885688782,0.9475294351577759,0.9470604062080383,0.9450032114982605,0.9504601359367371,0.9479667544364929,0.9462257027626038,0.9463416337966919,0.9489337801933289,0.9462140798568726,0.9472038149833679,0.9485408663749695,0.9454099535942078,0.9489058256149292,0.9474429488182068,0.9468861222267151,0.9459038972854614,0.9473050236701965,0.9459196925163269,0.9486965537071228,0.9497734308242798,0.946527898311615,0.9476384520530701,0.9482318758964539,0.9474682807922363,0.9478669762611389,0.9475537538528442,0.9457577466964722,0.9488558769226074,0.9456465244293213,0.9476050734519958,0.9477199912071228,0.9458817839622498,0.9479703903198242,0.947188675403595,0.9498289823532104,0.9490063190460205,0.9475852847099304,0.9469974040985107,0.9480814933776855
86,7.3916016,0.9481109976768494,0.9504262208938599,0.9493826031684875,0.9487633109092712,0.9507432579994202,0.9493611454963684,0.9468940496444702,0.9467530846595764,0.9485129714012146,0.9494128227233887,0.9500913619995117,0.9461808800697327,0.949147641658783,0.9516725540161133,0.9485472440719604,0.9495260715484619,0.947776198387146,0.9489232897758484,0.9510466456413269,0.9469953179359436,0.9488261938095093,0.9501560926437378,0.9475621581077576,0.9489628672599792,0.9495437145233154,0.9490411281585693,0.9490087628364563,0.9495013952255249,0.9494943618774414,0.9498188495635986,0.9503480792045593,0.9490259289741516,0.9507712125778198,0.9491797685623169,0.9488677382469177,0.9489037990570068,0.9493418335914612,0.9484007358551025,0.9490306973457336,0.9488317370414734,0.9496937394142151,0.9485740661621094,0.9497002363204956,0.9493959546089172,0.951402485370636,0.9492477774620056,0.9482690691947937,0.9485959410667419,0.9485201835632324,0.9477394223213196
87,7.5625,0.9503349661827087,0.950785756111145,0.9496129155158997,0.9499726891517639,0.9495670795440674,0.9515267014503479,0.9494169354438782,0.9506955742835999,0.9511025547981262,0.948852002620697,0.948771059513092,0.9522783756256104,0.9504675269126892,0.9506155848503113,0.9504446387290955,0.9513214826583862,0.9507969617843628,0.9487233757972717,0.9516006708145142,0.9491192102432251,0.9503923058509827,0.9506749510765076,0.9508739709854126,0.949417233467102,0.9521813988685608,0.9503449201583862,0.9496593475341797,0.9491532444953918,0.9518718123435974,0.9495429396629333,0.9509900808334351,0.9515049457550049,0.9512999653816223,0.9499343633651733,0.9496821165084839,0.950832188129425,0.9509133696556091,0.9502627849578857,0.9503304362297058,0.9498571753501892,0.9521930813789368,0.9518525004386902,0.9496272802352905,0.9509203433990479,0.9510917663574219,0.949059784412384,0.9494243860244751,0.9517077207565308,0.9511520862579346,0.9522812962532043
88,7.7353516,0.9513071775436401,0.9512795209884644,0.9518262147903442,0.951764702796936,0.951447069644928,0.9531145095825195,0.9525878429412842,0.9535862803459167,0.9525859355926514,0.9531376361846924,0.9530892968177795,0.9506349563598633,0.9524518251419067,0.9535043239593506,0.952414870262146,0.952048659324646,0.9514911770820618,0.9538071751594543,0.9513681530952454,0.9523313641548157,0.9518773555755615,0.9530254602432251,0.9506287574768066,0.9513189196586609,0.9511420130729675,0.9517083168029785,0.9517578482627869,0.9516815543174744,0.9505401849746704,0.9514516592025757,0.9516366124153137,0.9518583416938782,0.9531190395355225,0.9514060020446777,0.9530619382858276,0.9525439739227295,0.9533059597015381,0.9523626565933228,0.9518297910690308,0.9523179531097412,0.9512395262718201,0.9508948922157288,0.9526540040969849,0.9511659145355225,0.9534929990768433,0.9527020454406738,0.9503798484802246,0.9520295858383179,0.9523411393165588,0.9530530571937561
89,7.9101562,0.9528915882110596,0.9534298181533813,0.9550725221633911,0.9529739022254944,0.9530217051506042,0.9522058963775635,0.9531689286231995,0.9532151222229004,0.9532646536827087,0.9532204270362854,0.9517795443534851,0.9544903635978699,0.952547013759613,0.9544812440872192,0.9527576565742493,0.9526797533035278,0.9533339142799377,0.9535815119743347,0.953170895576477,0.9527949690818787,0.9542695879936218,0.9539432525634766,0.9528231620788574,0.9519774913787842,0.9537739157676697,0.9529032111167908,0.9538439512252808,0.9526707530021667,0.9525787234306335,0.9531072974205017,0.954436182975769,0.953342616558075,0.9540425539016724,0.9530882239341736,0.9533165097236633,0.9541559219360352,0.9537332057952881,0.9534705281257629,0.9540746212005615,0.9537098407745361,0.9531225562095642,0.9555476903915405,0.9529955983161926,0.9534798860549927,0.9538338780403137,0.9537765979766846,0.9531487822532654,0.9523811340332031,0.9516165852546692,0.9534626603126526
90,8.086914,0.9546549916267395,0.9551369547843933,0.9550093412399292,0.9539912343025208,0.9551264643669128,0.9522082805633545,0.9568381309509277,0.9566645622253418,0.9535695314407349,0.9552780389785767,0.9572911858558655,0.9554076194763184,0.9550175666809082,0.9554989337921143,0.9529833197593689,0.9561415910720825,0.9536047577857971,0.9558117389678955,0.9557810425758362,0.9545550346374512,0.9564014077186584,0.9539379477500916,0.9545143246650696,0.9546281695365906,0.9537128210067749,0.9548753499984741,0.9562380313873291,0.9558417201042175,0.9549793004989624,0.9551547765731812,0.9540788531303406,0.9544881582260132,0.955698549747467,0.953444242477417,0.956352710723877,0.9549812078475952,0.9542951583862305,0.9565287828445435,0.9541098475456238,0.9559115767478943,0.9541881680488586,0.9527438879013062,0.953782856464386,0.9545455574989319,0.9554547667503357,0.9536351561546326,0.9558826088905334,0.9550064206123352,0.9568023085594177,0.9536853432655334
91,8.265625,0.9562503695487976,0.9558180570602417,0.9565932750701904,0.9560942053794861,0.9563472867012024,0.9571952223777771,0.955767810344696,0.9558737277984619,0.955544650554657,0.9580324292182922,0.9568285346031189,0.9579803347587585,0.9562641978263855,0.9560092091560364,0.9556936025619507,0.9554795026779175,0.9556136131286621,0.956416130065918,0.9568637013435364,0.9569357633590698,0.9558290243148804,0.9555701613426208,0.9546661972999573,0.9551708698272705,0.9569560885429382,0.9558788537979126,0.955962061882019,0.9565679430961609,0.9565490484237671,0.9560894966125488,0.9556684494018555,0.957015872001648,0.9571791291236877,0.9555351734161377,0.9571229815483093,0.9566660523414612,0.9568425416946411,0.956047534942627,0.9570913910865784,0.9572435617446899,0.9558531045913696,0.9564348459243774,0.9562510251998901,0.9567710757255554,0.9547693729400635,0.9563102126121521,0.9562004804611206,0.9560605883598328,0.9559797644615173,0.9548400640487671
92,8.446289,0.9580931663513184,0.9579805731773376,0.9589363932609558,0.9583592414855957,0.9579347372055054,0.9581859111785889,0.9579387307167053,0.9563770890235901,0.957595944404602,0.9572879076004028,0.9567558169364929,0.9570225477218628,0.9581912755966187,0.9570674896240234,0.9593685865402222,0.9579634070396423,0.958135724067688,0.9559559226036072,0.9567121267318726,0.957335352897644,0.9563038349151611,0.9552505612373352,0.9570595026016235,0.9580180644989014,0.9576088786125183,0.958210289478302,0.9559421539306641,0.9570631384849548,0.9585096836090088,0.9575516581535339,0.9584168195724487,0.9569167494773865,0.9577513337135315,0.9561921954154968,0.9584150314331055,0.9565749168395996,0.9579429030418396,0.9577215909957886,0.9574447274208069,0.9566948413848877,0.9574613571166992,0.9569210410118103,0.9568924307823181,0.9579709768295288,0.9569602012634277,0.9572299122810364,0.9575686454772949,0.9581027626991272,0.9552512168884277,0.956750750541687
93,8.628906,0.9582022428512573,0.9581360816955566,0.9589242935180664,0.9589996933937073,0.9579258561134338,0.9592255353927612,0.9590041041374207,0.9574934840202332,0.958243191242218,0.9593831300735474,0.9587557315826416,0.9585800170898438,0.959040105342865,0.9586716890335083,0.9583674669265747,0.9590745568275452,0.9596132040023804,0.9580883979797363,0.9569458961486816,0.958688497543335,0.9593903422355652,0.959225594997406,0.9593497514724731,0.9575122594833374,0.9583911895751953,0.9589570760726929,0.9587085843086243,0.9603825211524963,0.9596167802810669,0.9596552848815918,0.958690881729126,0.9596059322357178,0.9582307934761047,0.95811527967453,0.9586753845214844,0.9578109979629517,0.9573683142662048,0.9594643115997314,0.9577486515045166,0.958960235118866,0.9586102962493896,0.9574261903762817,0.9588155150413513,0.9584921598434448,0.9599578380584717,0.9597282409667969,0.9577122330665588,0.9581289291381836,0.9590853452682495,0.9594651460647583
94,8.813477,0.9600607752799988,0.9598431587219238,0.9592739939689636,0.9584654569625854,0.9604749083518982,0.9596974849700928,0.9606882929801941,0.9598925709724426,0.9605848789215088,0.9595005512237549,0.959314227104187,0.9595327973365784,0.9594182968139648,0.9591863751411438,0.9589402079582214,0.9595537185668945,0.9601433873176575,0.961083173751831,0.9583854675292969,0.9582576155662537,0.9592796564102173,0.9596174359321594,0.9610018134117126,0.9586498141288757,0.9601007103919983,0.9600926637649536,0.9600687026977539,0.9590946435928345,0.9593390226364136,0.9598334431648254,0.9590447545051575,0.9578593969345093,0.9604815244674683,0.9596046805381775,0.9600458145141602,0.9602816700935364,0.960753858089447,0.9595214128494263,0.9585856199264526,0.961326539516449,0.960912823677063,0.9596034288406372,0.9606832265853882,0.9595219492912292,0.9597585201263428,0.9600852727890015,0.9589089155197144,0.9602848887443542,0.958954930305481,0.9593684673309326
95,9.0,0.9613296389579773,0.961358904838562,0.9615289568901062,0.9618014097213745,0.9603427648544312,0.9607877135276794,0.9626691341400146,0.9608578085899353,0.9601731300354004,0.9616701602935791,0.9616031646728516,0.9606916904449463,0.9618108868598938,0.95951908826828,0.9617223143577576,0.960056722164154,0.9620378017425537,0.9617342948913574,0.9619704484939575,0.9615488648414612,0.9600291848182678,0.9612390398979187,0.9605415463447571,0.9614283442497253,0.9611700773239136,0.9600999355316162,0.9604929685592651,0.9605558514595032,0.9618266224861145,0.9614612460136414,0.9614654779434204,0.9601717591285706,0.9614687561988831,0.9602458477020264,0.9618104100227356,0.9593160152435303,0.9612404108047485,0.9597885012626648,0.9609473347663879,0.9597799181938171,0.9606994390487671,0.9599206447601318,0.9627005457878113,0.9615877270698547,0.960990309715271,0.9607574939727783,0.9612719416618347,0.9607549905776978,0.9623177647590637,0.9603306651115417
